run_id,shape_id,model,stage,dtype,op_type,args,provider,provider_detail,correct,benchmark_status,median_us,timing_method,eager_median_us,host_overhead_us,graph_median_us,cache_state,graph_replay_count,p10_us,p90_us,mean_us,std_us,min_us,stable,effective_gbps,effective_tflops,includes_allocation,includes_layout_conversion,includes_jit,skip_reason,candidate_commit,baseline_commit,gpu,arch,rocm_version,driver_version,torch_version,triton_version,sglang_commit
topk_gating_softmax-7255fff8-20260602-160241,sha1:2d2eb5d587ba2926,DeepSeek-R1,model_config,bf16,topk_gating_softmax,"{""num_experts"":256,""num_tokens"":1,""topk"":8}",flydsl,"build_topk_gating_softmax_module(num_experts=256,topk=8,bf16,renormalize=True); fused softmax+topk+renorm, layout VPT=16 THREADS_PER_TOKEN=16",True,ok,16.96000061929226,cudagraph,67.80049949884415,50.84049887955189,16.96000061929226,l2_flushed_graph,1,16.040000319480896,17.391999810934067,16.89080024758975,0.6401464554090359,15.681000426411629,True,0.035849055294749854,0.0001971698041211242,False,False,False,,7255fff8,,AMD Instinct MI350X,gfx950,7.2.0,6.14.14,2.9.1+rocm7.2.0.git7e1940d4,3.6.0,b6f71d585
topk_gating_softmax-7255fff8-20260602-160241,sha1:2d2eb5d587ba2926,DeepSeek-R1,model_config,bf16,topk_gating_softmax,"{""num_experts"":256,""num_tokens"":1,""topk"":8}",pytorch,torch.softmax(dim=1) -> torch.topk -> renorm (also the fp32 reference),True,ok,40.160998702049255,cudagraph,29.319999739527702,-10.840998962521553,40.160998702049255,l2_flushed_graph,1,38.04840072989464,42.10459962487221,40.096466739972435,1.4460046312977235,37.48000040650368,True,0.01513906575159388,8.326486163376632e-05,True,False,False,,,,AMD Instinct MI350X,gfx950,7.2.0,6.14.14,2.9.1+rocm7.2.0.git7e1940d4,3.6.0,b6f71d585
topk_gating_softmax-7255fff8-20260602-160241,sha1:2d2eb5d587ba2926,DeepSeek-R1,model_config,bf16,topk_gating_softmax,"{""num_experts"":256,""num_tokens"":1,""topk"":8}",aiter,"aiter.topk_gating(score_func='softmax', need_renorm forced False); top-K softmax probs renormalized in adapter to match renorm reference",True,ok,21.959999576210976,cudagraph,13.910249806940556,-8.04974976927042,21.959999576210976,l2_flushed_graph,1,21.57600037753582,24.423999711871147,22.621533274650574,1.2166513253541822,21.51999995112419,True,0.027686703630843405,0.00015227686996963874,True,True,False,,32e1e6d76,32e1e6d76,AMD Instinct MI350X,gfx950,7.2.0,6.14.14,2.9.1+rocm7.2.0.git7e1940d4,3.6.0,b6f71d585
topk_gating_softmax-7255fff8-20260602-160241,sha1:2d2eb5d587ba2926,DeepSeek-R1,model_config,bf16,topk_gating_softmax,"{""num_experts"":256,""num_tokens"":1,""topk"":8}",aiter_triton,torch.softmax(dim=1) -> aiter.ops.triton.topk.topk (1-/2-stage Triton top-K) -> renorm,True,ok,30.719999223947525,cudagraph,22.660499438643456,-8.05949978530407,30.719999223947525,l2_flushed_graph,1,29.69600073993206,33.72799903154373,31.501533339420956,1.612395102769078,29.559999704360962,True,0.019791667166646234,0.00010885416941655428,True,True,False,,32e1e6d76,32e1e6d76,AMD Instinct MI350X,gfx950,7.2.0,6.14.14,2.9.1+rocm7.2.0.git7e1940d4,3.6.0,b6f71d585
topk_gating_softmax-7255fff8-20260602-160241,sha1:2d2eb5d587ba2926,DeepSeek-R1,model_config,bf16,topk_gating_softmax,"{""num_experts"":256,""num_tokens"":1,""topk"":8}",triton,,,not_configured,,,,,,,,,,,,,,,,False,False,False,"no standalone fused topk-gating-softmax Triton kernel (only aiter.ops.triton.topk, exposed as aiter_triton)",,,AMD Instinct MI350X,gfx950,7.2.0,6.14.14,2.9.1+rocm7.2.0.git7e1940d4,3.6.0,b6f71d585
topk_gating_softmax-7255fff8-20260602-160241,sha1:2d2eb5d587ba2926,DeepSeek-R1,model_config,bf16,topk_gating_softmax,"{""num_experts"":256,""num_tokens"":1,""topk"":8}",aiter_ck,,,not_configured,,,,,,,,,,,,,,,,False,False,False,aiter MoE-topk gating is one C++/HIP kernel (use aiter); no separately-selectable CK topk-gating from Python,32e1e6d76,32e1e6d76,AMD Instinct MI350X,gfx950,7.2.0,6.14.14,2.9.1+rocm7.2.0.git7e1940d4,3.6.0,b6f71d585
topk_gating_softmax-7255fff8-20260602-160241,sha1:2d2eb5d587ba2926,DeepSeek-R1,model_config,bf16,topk_gating_softmax,"{""num_experts"":256,""num_tokens"":1,""topk"":8}",aiter_asm,,,not_configured,,,,,,,,,,,,,,,,False,False,False,"aiter ASM topk paths (moe_fused_gate/biased_grouped_topk_hip) are grouped/biased routing, not plain softmax topk-gating-softmax",32e1e6d76,32e1e6d76,AMD Instinct MI350X,gfx950,7.2.0,6.14.14,2.9.1+rocm7.2.0.git7e1940d4,3.6.0,b6f71d585
topk_gating_softmax-7255fff8-20260602-160241,sha1:2d2eb5d587ba2926,DeepSeek-R1,model_config,bf16,topk_gating_softmax,"{""num_experts"":256,""num_tokens"":1,""topk"":8}",ck,,,not_configured,,,,,,,,,,,,,,,,False,False,False,no standalone CK topk-gating-softmax adapter (CK topk is reached via aiter),,,AMD Instinct MI350X,gfx950,7.2.0,6.14.14,2.9.1+rocm7.2.0.git7e1940d4,3.6.0,b6f71d585
topk_gating_softmax-7255fff8-20260602-160241,sha1:2d2eb5d587ba2926,DeepSeek-R1,model_config,bf16,topk_gating_softmax,"{""num_experts"":256,""num_tokens"":1,""topk"":8}",gluon,,,not_configured,,,,,,,,,,,,,,,,False,False,False,no Gluon topk-gating-softmax kernel,,,AMD Instinct MI350X,gfx950,7.2.0,6.14.14,2.9.1+rocm7.2.0.git7e1940d4,3.6.0,b6f71d585
topk_gating_softmax-7255fff8-20260602-160241,sha1:2d2eb5d587ba2926,DeepSeek-R1,model_config,bf16,topk_gating_softmax,"{""num_experts"":256,""num_tokens"":1,""topk"":8}",hipblaslt,,,not_configured,,,,,,,,,,,,,,,,False,False,False,hipBLASLt is a GEMM library (no topk-gating-softmax op),,,AMD Instinct MI350X,gfx950,7.2.0,6.14.14,2.9.1+rocm7.2.0.git7e1940d4,3.6.0,b6f71d585
topk_gating_softmax-7255fff8-20260602-160241,sha1:d9845aa89a6900b7,DeepSeek-R1,model_config,bf16,topk_gating_softmax,"{""num_experts"":256,""num_tokens"":256,""topk"":8}",flydsl,"build_topk_gating_softmax_module(num_experts=256,topk=8,bf16,renormalize=True); fused softmax+topk+renorm, layout VPT=16 THREADS_PER_TOKEN=16",True,ok,16.759999096393585,cudagraph,63.5404996573925,46.78050056099892,16.759999096393585,l2_flushed_graph,1,16.4560005068779,17.024600133299828,16.840066760778427,0.6131232913037497,15.920000150799751,True,9.286874009050054,0.051077807049775305,False,False,False,,7255fff8,,AMD Instinct MI350X,gfx950,7.2.0,6.14.14,2.9.1+rocm7.2.0.git7e1940d4,3.6.0,b6f71d585
topk_gating_softmax-7255fff8-20260602-160241,sha1:d9845aa89a6900b7,DeepSeek-R1,model_config,bf16,topk_gating_softmax,"{""num_experts"":256,""num_tokens"":256,""topk"":8}",pytorch,torch.softmax(dim=1) -> torch.topk -> renorm (also the fp32 reference),True,ok,38.24099898338318,cudagraph,32.24100172519684,-5.99999725818634,38.24099898338318,l2_flushed_graph,1,38.008999824523926,39.400000870227814,38.51240004102389,0.6445433994832247,37.87999972701073,True,4.070186557302898,0.02238602606516594,True,False,False,,,,AMD Instinct MI350X,gfx950,7.2.0,6.14.14,2.9.1+rocm7.2.0.git7e1940d4,3.6.0,b6f71d585
topk_gating_softmax-7255fff8-20260602-160241,sha1:d9845aa89a6900b7,DeepSeek-R1,model_config,bf16,topk_gating_softmax,"{""num_experts"":256,""num_tokens"":256,""topk"":8}",aiter,"aiter.topk_gating(score_func='softmax', need_renorm forced False); top-K softmax probs renormalized in adapter to match renorm reference",True,ok,25.320999324321747,cudagraph,17.319999635219574,-8.000999689102173,25.320999324321747,l2_flushed_graph,1,23.719999939203262,26.503999531269073,25.344199935595196,1.388490181952909,22.71999977529049,True,6.146992778855075,0.033808460283702914,True,True,False,,32e1e6d76,32e1e6d76,AMD Instinct MI350X,gfx950,7.2.0,6.14.14,2.9.1+rocm7.2.0.git7e1940d4,3.6.0,b6f71d585
topk_gating_softmax-7255fff8-20260602-160241,sha1:d9845aa89a6900b7,DeepSeek-R1,model_config,bf16,topk_gating_softmax,"{""num_experts"":256,""num_tokens"":256,""topk"":8}",aiter_triton,torch.softmax(dim=1) -> aiter.ops.triton.topk.topk (1-/2-stage Triton top-K) -> renorm,True,ok,33.36000069975853,cudagraph,25.839999318122864,-7.520001381635666,33.36000069975853,l2_flushed_graph,1,32.23259896039963,34.60000157356262,33.34953337907791,0.834297286271293,31.840000301599503,True,4.665707336184997,0.025661390349017484,True,True,False,,32e1e6d76,32e1e6d76,AMD Instinct MI350X,gfx950,7.2.0,6.14.14,2.9.1+rocm7.2.0.git7e1940d4,3.6.0,b6f71d585
topk_gating_softmax-7255fff8-20260602-160241,sha1:d9845aa89a6900b7,DeepSeek-R1,model_config,bf16,topk_gating_softmax,"{""num_experts"":256,""num_tokens"":256,""topk"":8}",triton,,,not_configured,,,,,,,,,,,,,,,,False,False,False,"no standalone fused topk-gating-softmax Triton kernel (only aiter.ops.triton.topk, exposed as aiter_triton)",,,AMD Instinct MI350X,gfx950,7.2.0,6.14.14,2.9.1+rocm7.2.0.git7e1940d4,3.6.0,b6f71d585
topk_gating_softmax-7255fff8-20260602-160241,sha1:d9845aa89a6900b7,DeepSeek-R1,model_config,bf16,topk_gating_softmax,"{""num_experts"":256,""num_tokens"":256,""topk"":8}",aiter_ck,,,not_configured,,,,,,,,,,,,,,,,False,False,False,aiter MoE-topk gating is one C++/HIP kernel (use aiter); no separately-selectable CK topk-gating from Python,32e1e6d76,32e1e6d76,AMD Instinct MI350X,gfx950,7.2.0,6.14.14,2.9.1+rocm7.2.0.git7e1940d4,3.6.0,b6f71d585
topk_gating_softmax-7255fff8-20260602-160241,sha1:d9845aa89a6900b7,DeepSeek-R1,model_config,bf16,topk_gating_softmax,"{""num_experts"":256,""num_tokens"":256,""topk"":8}",aiter_asm,,,not_configured,,,,,,,,,,,,,,,,False,False,False,"aiter ASM topk paths (moe_fused_gate/biased_grouped_topk_hip) are grouped/biased routing, not plain softmax topk-gating-softmax",32e1e6d76,32e1e6d76,AMD Instinct MI350X,gfx950,7.2.0,6.14.14,2.9.1+rocm7.2.0.git7e1940d4,3.6.0,b6f71d585
topk_gating_softmax-7255fff8-20260602-160241,sha1:d9845aa89a6900b7,DeepSeek-R1,model_config,bf16,topk_gating_softmax,"{""num_experts"":256,""num_tokens"":256,""topk"":8}",ck,,,not_configured,,,,,,,,,,,,,,,,False,False,False,no standalone CK topk-gating-softmax adapter (CK topk is reached via aiter),,,AMD Instinct MI350X,gfx950,7.2.0,6.14.14,2.9.1+rocm7.2.0.git7e1940d4,3.6.0,b6f71d585
topk_gating_softmax-7255fff8-20260602-160241,sha1:d9845aa89a6900b7,DeepSeek-R1,model_config,bf16,topk_gating_softmax,"{""num_experts"":256,""num_tokens"":256,""topk"":8}",gluon,,,not_configured,,,,,,,,,,,,,,,,False,False,False,no Gluon topk-gating-softmax kernel,,,AMD Instinct MI350X,gfx950,7.2.0,6.14.14,2.9.1+rocm7.2.0.git7e1940d4,3.6.0,b6f71d585
topk_gating_softmax-7255fff8-20260602-160241,sha1:d9845aa89a6900b7,DeepSeek-R1,model_config,bf16,topk_gating_softmax,"{""num_experts"":256,""num_tokens"":256,""topk"":8}",hipblaslt,,,not_configured,,,,,,,,,,,,,,,,False,False,False,hipBLASLt is a GEMM library (no topk-gating-softmax op),,,AMD Instinct MI350X,gfx950,7.2.0,6.14.14,2.9.1+rocm7.2.0.git7e1940d4,3.6.0,b6f71d585
topk_gating_softmax-7255fff8-20260602-160241,sha1:f8b5950cdf51f5b7,DeepSeek-R1,model_config,bf16,topk_gating_softmax,"{""num_experts"":256,""num_tokens"":2048,""topk"":8}",flydsl,"build_topk_gating_softmax_module(num_experts=256,topk=8,bf16,renormalize=True); fused softmax+topk+renorm, layout VPT=16 THREADS_PER_TOKEN=16",True,ok,16.599999740719795,cudagraph,61.2809993326664,44.6809995919466,16.599999740719795,l2_flushed_graph,1,16.3199994713068,17.39240027964115,16.82153319319089,0.9175680628973362,16.279999166727066,True,75.01108550896927,0.4125609702993309,False,False,False,,7255fff8,,AMD Instinct MI350X,gfx950,7.2.0,6.14.14,2.9.1+rocm7.2.0.git7e1940d4,3.6.0,b6f71d585
topk_gating_softmax-7255fff8-20260602-160241,sha1:f8b5950cdf51f5b7,DeepSeek-R1,model_config,bf16,topk_gating_softmax,"{""num_experts"":256,""num_tokens"":2048,""topk"":8}",pytorch,torch.softmax(dim=1) -> torch.topk -> renorm (also the fp32 reference),True,ok,43.43999922275543,cudagraph,37.78049908578396,-5.659500136971474,43.43999922275543,l2_flushed_graph,1,43.31200048327446,44.095999747514725,43.70160003503164,0.7054856392039204,43.241001665592194,True,28.664457234790373,0.15765451479134704,True,False,False,,,,AMD Instinct MI350X,gfx950,7.2.0,6.14.14,2.9.1+rocm7.2.0.git7e1940d4,3.6.0,b6f71d585
topk_gating_softmax-7255fff8-20260602-160241,sha1:f8b5950cdf51f5b7,DeepSeek-R1,model_config,bf16,topk_gating_softmax,"{""num_experts"":256,""num_tokens"":2048,""topk"":8}",aiter,"aiter.topk_gating(score_func='softmax', need_renorm forced False); top-K softmax probs renormalized in adapter to match renorm reference",True,ok,25.679999962449074,cudagraph,17.48025044798851,-8.199749514460564,25.679999962449074,l2_flushed_graph,1,25.351999327540398,26.152000576257706,25.861466800173122,0.7883709391660759,25.280000641942024,True,48.48847359115214,0.2666866047513368,True,True,False,,32e1e6d76,32e1e6d76,AMD Instinct MI350X,gfx950,7.2.0,6.14.14,2.9.1+rocm7.2.0.git7e1940d4,3.6.0,b6f71d585
topk_gating_softmax-7255fff8-20260602-160241,sha1:f8b5950cdf51f5b7,DeepSeek-R1,model_config,bf16,topk_gating_softmax,"{""num_experts"":256,""num_tokens"":2048,""topk"":8}",aiter_triton,torch.softmax(dim=1) -> aiter.ops.triton.topk.topk (1-/2-stage Triton top-K) -> renorm,True,ok,41.31999984383583,cudagraph,33.879999071359634,-7.440000772476196,41.31999984383583,l2_flushed_graph,1,40.79199954867363,41.86459854245186,41.34693294763565,0.5293723453027415,40.720000863075256,True,30.135140481752888,0.16574327264964087,True,True,False,,32e1e6d76,32e1e6d76,AMD Instinct MI350X,gfx950,7.2.0,6.14.14,2.9.1+rocm7.2.0.git7e1940d4,3.6.0,b6f71d585
topk_gating_softmax-7255fff8-20260602-160241,sha1:f8b5950cdf51f5b7,DeepSeek-R1,model_config,bf16,topk_gating_softmax,"{""num_experts"":256,""num_tokens"":2048,""topk"":8}",triton,,,not_configured,,,,,,,,,,,,,,,,False,False,False,"no standalone fused topk-gating-softmax Triton kernel (only aiter.ops.triton.topk, exposed as aiter_triton)",,,AMD Instinct MI350X,gfx950,7.2.0,6.14.14,2.9.1+rocm7.2.0.git7e1940d4,3.6.0,b6f71d585
topk_gating_softmax-7255fff8-20260602-160241,sha1:f8b5950cdf51f5b7,DeepSeek-R1,model_config,bf16,topk_gating_softmax,"{""num_experts"":256,""num_tokens"":2048,""topk"":8}",aiter_ck,,,not_configured,,,,,,,,,,,,,,,,False,False,False,aiter MoE-topk gating is one C++/HIP kernel (use aiter); no separately-selectable CK topk-gating from Python,32e1e6d76,32e1e6d76,AMD Instinct MI350X,gfx950,7.2.0,6.14.14,2.9.1+rocm7.2.0.git7e1940d4,3.6.0,b6f71d585
topk_gating_softmax-7255fff8-20260602-160241,sha1:f8b5950cdf51f5b7,DeepSeek-R1,model_config,bf16,topk_gating_softmax,"{""num_experts"":256,""num_tokens"":2048,""topk"":8}",aiter_asm,,,not_configured,,,,,,,,,,,,,,,,False,False,False,"aiter ASM topk paths (moe_fused_gate/biased_grouped_topk_hip) are grouped/biased routing, not plain softmax topk-gating-softmax",32e1e6d76,32e1e6d76,AMD Instinct MI350X,gfx950,7.2.0,6.14.14,2.9.1+rocm7.2.0.git7e1940d4,3.6.0,b6f71d585
topk_gating_softmax-7255fff8-20260602-160241,sha1:f8b5950cdf51f5b7,DeepSeek-R1,model_config,bf16,topk_gating_softmax,"{""num_experts"":256,""num_tokens"":2048,""topk"":8}",ck,,,not_configured,,,,,,,,,,,,,,,,False,False,False,no standalone CK topk-gating-softmax adapter (CK topk is reached via aiter),,,AMD Instinct MI350X,gfx950,7.2.0,6.14.14,2.9.1+rocm7.2.0.git7e1940d4,3.6.0,b6f71d585
topk_gating_softmax-7255fff8-20260602-160241,sha1:f8b5950cdf51f5b7,DeepSeek-R1,model_config,bf16,topk_gating_softmax,"{""num_experts"":256,""num_tokens"":2048,""topk"":8}",gluon,,,not_configured,,,,,,,,,,,,,,,,False,False,False,no Gluon topk-gating-softmax kernel,,,AMD Instinct MI350X,gfx950,7.2.0,6.14.14,2.9.1+rocm7.2.0.git7e1940d4,3.6.0,b6f71d585
topk_gating_softmax-7255fff8-20260602-160241,sha1:f8b5950cdf51f5b7,DeepSeek-R1,model_config,bf16,topk_gating_softmax,"{""num_experts"":256,""num_tokens"":2048,""topk"":8}",hipblaslt,,,not_configured,,,,,,,,,,,,,,,,False,False,False,hipBLASLt is a GEMM library (no topk-gating-softmax op),,,AMD Instinct MI350X,gfx950,7.2.0,6.14.14,2.9.1+rocm7.2.0.git7e1940d4,3.6.0,b6f71d585
topk_gating_softmax-7255fff8-20260602-160241,sha1:65b627c0d09c4fe4,DeepSeek-R1,model_config,bf16,topk_gating_softmax,"{""num_experts"":256,""num_tokens"":16384,""topk"":8}",flydsl,"build_topk_gating_softmax_module(num_experts=256,topk=8,bf16,renormalize=True); fused softmax+topk+renorm, layout VPT=16 THREADS_PER_TOKEN=16",True,ok,21.43999934196472,cudagraph,61.52050010859966,40.08050076663494,21.43999934196472,l2_flushed_graph,1,21.27999998629093,22.224000096321106,21.621466800570488,0.483413514798773,21.2009996175766,True,464.620909782507,2.5554150038037884,False,False,False,,7255fff8,,AMD Instinct MI350X,gfx950,7.2.0,6.14.14,2.9.1+rocm7.2.0.git7e1940d4,3.6.0,b6f71d585
topk_gating_softmax-7255fff8-20260602-160241,sha1:65b627c0d09c4fe4,DeepSeek-R1,model_config,bf16,topk_gating_softmax,"{""num_experts"":256,""num_tokens"":16384,""topk"":8}",pytorch,torch.softmax(dim=1) -> torch.topk -> renorm (also the fp32 reference),True,ok,92.00099855661392,cudagraph,86.64099872112274,-5.35999983549118,92.00099855661392,l2_flushed_graph,1,90.97640067338943,92.72900074720383,91.92066689332326,0.8429222875788319,90.32099694013596,True,108.27569435423126,0.595516318948272,True,False,False,,,,AMD Instinct MI350X,gfx950,7.2.0,6.14.14,2.9.1+rocm7.2.0.git7e1940d4,3.6.0,b6f71d585
topk_gating_softmax-7255fff8-20260602-160241,sha1:65b627c0d09c4fe4,DeepSeek-R1,model_config,bf16,topk_gating_softmax,"{""num_experts"":256,""num_tokens"":16384,""topk"":8}",aiter,"aiter.topk_gating(score_func='softmax', need_renorm forced False); top-K softmax probs renormalized in adapter to match renorm reference",True,ok,38.440000265836716,cudagraph,29.920000582933426,-8.51999968290329,38.440000265836716,l2_flushed_graph,1,38.21660056710243,39.41640108823776,38.71766726175944,0.5647749775249962,38.15999999642372,True,259.1433905075487,1.4252886477915179,True,True,False,,32e1e6d76,32e1e6d76,AMD Instinct MI350X,gfx950,7.2.0,6.14.14,2.9.1+rocm7.2.0.git7e1940d4,3.6.0,b6f71d585
topk_gating_softmax-7255fff8-20260602-160241,sha1:65b627c0d09c4fe4,DeepSeek-R1,model_config,bf16,topk_gating_softmax,"{""num_experts"":256,""num_tokens"":16384,""topk"":8}",aiter_triton,torch.softmax(dim=1) -> aiter.ops.triton.topk.topk (1-/2-stage Triton top-K) -> renorm,True,ok,117.16099828481674,cudagraph,110.40099710226059,-6.760001182556152,117.16099828481674,l2_flushed_graph,1,116.44100099802017,117.56840199232101,117.03019986550014,0.6287431729487699,115.12099951505661,True,85.02378902391905,0.46763083963155483,True,True,False,,32e1e6d76,32e1e6d76,AMD Instinct MI350X,gfx950,7.2.0,6.14.14,2.9.1+rocm7.2.0.git7e1940d4,3.6.0,b6f71d585
topk_gating_softmax-7255fff8-20260602-160241,sha1:65b627c0d09c4fe4,DeepSeek-R1,model_config,bf16,topk_gating_softmax,"{""num_experts"":256,""num_tokens"":16384,""topk"":8}",triton,,,not_configured,,,,,,,,,,,,,,,,False,False,False,"no standalone fused topk-gating-softmax Triton kernel (only aiter.ops.triton.topk, exposed as aiter_triton)",,,AMD Instinct MI350X,gfx950,7.2.0,6.14.14,2.9.1+rocm7.2.0.git7e1940d4,3.6.0,b6f71d585
topk_gating_softmax-7255fff8-20260602-160241,sha1:65b627c0d09c4fe4,DeepSeek-R1,model_config,bf16,topk_gating_softmax,"{""num_experts"":256,""num_tokens"":16384,""topk"":8}",aiter_ck,,,not_configured,,,,,,,,,,,,,,,,False,False,False,aiter MoE-topk gating is one C++/HIP kernel (use aiter); no separately-selectable CK topk-gating from Python,32e1e6d76,32e1e6d76,AMD Instinct MI350X,gfx950,7.2.0,6.14.14,2.9.1+rocm7.2.0.git7e1940d4,3.6.0,b6f71d585
topk_gating_softmax-7255fff8-20260602-160241,sha1:65b627c0d09c4fe4,DeepSeek-R1,model_config,bf16,topk_gating_softmax,"{""num_experts"":256,""num_tokens"":16384,""topk"":8}",aiter_asm,,,not_configured,,,,,,,,,,,,,,,,False,False,False,"aiter ASM topk paths (moe_fused_gate/biased_grouped_topk_hip) are grouped/biased routing, not plain softmax topk-gating-softmax",32e1e6d76,32e1e6d76,AMD Instinct MI350X,gfx950,7.2.0,6.14.14,2.9.1+rocm7.2.0.git7e1940d4,3.6.0,b6f71d585
topk_gating_softmax-7255fff8-20260602-160241,sha1:65b627c0d09c4fe4,DeepSeek-R1,model_config,bf16,topk_gating_softmax,"{""num_experts"":256,""num_tokens"":16384,""topk"":8}",ck,,,not_configured,,,,,,,,,,,,,,,,False,False,False,no standalone CK topk-gating-softmax adapter (CK topk is reached via aiter),,,AMD Instinct MI350X,gfx950,7.2.0,6.14.14,2.9.1+rocm7.2.0.git7e1940d4,3.6.0,b6f71d585
topk_gating_softmax-7255fff8-20260602-160241,sha1:65b627c0d09c4fe4,DeepSeek-R1,model_config,bf16,topk_gating_softmax,"{""num_experts"":256,""num_tokens"":16384,""topk"":8}",gluon,,,not_configured,,,,,,,,,,,,,,,,False,False,False,no Gluon topk-gating-softmax kernel,,,AMD Instinct MI350X,gfx950,7.2.0,6.14.14,2.9.1+rocm7.2.0.git7e1940d4,3.6.0,b6f71d585
topk_gating_softmax-7255fff8-20260602-160241,sha1:65b627c0d09c4fe4,DeepSeek-R1,model_config,bf16,topk_gating_softmax,"{""num_experts"":256,""num_tokens"":16384,""topk"":8}",hipblaslt,,,not_configured,,,,,,,,,,,,,,,,False,False,False,hipBLASLt is a GEMM library (no topk-gating-softmax op),,,AMD Instinct MI350X,gfx950,7.2.0,6.14.14,2.9.1+rocm7.2.0.git7e1940d4,3.6.0,b6f71d585
topk_gating_softmax-7255fff8-20260602-160241,sha1:815f175ee43d0f4d,Kimi-K2,model_config,bf16,topk_gating_softmax,"{""num_experts"":384,""num_tokens"":256,""topk"":8}",flydsl,"build_topk_gating_softmax_module(num_experts=256,topk=8,bf16,renormalize=True); fused softmax+topk+renorm, layout VPT=16 THREADS_PER_TOKEN=16",,unsupported,,,,,,,,,,,,,,,,False,False,False,"num_experts=384 has no valid multi-token layout (needs num_experts//VPT a power of 2 <= 64 for VPT in [16,8,4,2,1]); e.g. 384 (Kimi-K2) is unsupported",7255fff8,,AMD Instinct MI350X,gfx950,7.2.0,6.14.14,2.9.1+rocm7.2.0.git7e1940d4,3.6.0,b6f71d585
topk_gating_softmax-7255fff8-20260602-160241,sha1:815f175ee43d0f4d,Kimi-K2,model_config,bf16,topk_gating_softmax,"{""num_experts"":384,""num_tokens"":256,""topk"":8}",pytorch,torch.softmax(dim=1) -> torch.topk -> renorm (also the fp32 reference),True,ok,57.440999895334244,cudagraph,51.44000053405762,-6.000999361276627,57.440999895334244,l2_flushed_graph,1,57.08040073513985,58.12000036239624,57.66713346044222,0.7728352822736184,56.96000158786774,True,3.8506293484275873,0.022319388630700647,True,False,False,,,,AMD Instinct MI350X,gfx950,7.2.0,6.14.14,2.9.1+rocm7.2.0.git7e1940d4,3.6.0,b6f71d585
topk_gating_softmax-7255fff8-20260602-160241,sha1:815f175ee43d0f4d,Kimi-K2,model_config,bf16,topk_gating_softmax,"{""num_experts"":384,""num_tokens"":256,""topk"":8}",aiter,"aiter.topk_gating(score_func='softmax', need_renorm forced False); top-K softmax probs renormalized in adapter to match renorm reference",True,ok,26.040000841021538,cudagraph,17.020000144839287,-9.020000696182251,26.040000841021538,l2_flushed_graph,1,24.848999455571175,27.431999891996384,26.069533079862595,1.0263708806565508,24.399999529123306,True,8.494008942256357,0.04923379257270814,True,True,False,,32e1e6d76,32e1e6d76,AMD Instinct MI350X,gfx950,7.2.0,6.14.14,2.9.1+rocm7.2.0.git7e1940d4,3.6.0,b6f71d585
topk_gating_softmax-7255fff8-20260602-160241,sha1:815f175ee43d0f4d,Kimi-K2,model_config,bf16,topk_gating_softmax,"{""num_experts"":384,""num_tokens"":256,""topk"":8}",aiter_triton,torch.softmax(dim=1) -> aiter.ops.triton.topk.topk (1-/2-stage Triton top-K) -> renorm,True,ok,35.0009985268116,cudagraph,26.520000770688057,-8.480997756123543,35.0009985268116,l2_flushed_graph,1,33.57659950852394,35.752399265766144,34.84833315014839,1.2218085022078071,32.999999821186066,True,6.319362569915477,0.036628897858954526,True,True,False,,32e1e6d76,32e1e6d76,AMD Instinct MI350X,gfx950,7.2.0,6.14.14,2.9.1+rocm7.2.0.git7e1940d4,3.6.0,b6f71d585
topk_gating_softmax-7255fff8-20260602-160241,sha1:815f175ee43d0f4d,Kimi-K2,model_config,bf16,topk_gating_softmax,"{""num_experts"":384,""num_tokens"":256,""topk"":8}",triton,,,not_configured,,,,,,,,,,,,,,,,False,False,False,"no standalone fused topk-gating-softmax Triton kernel (only aiter.ops.triton.topk, exposed as aiter_triton)",,,AMD Instinct MI350X,gfx950,7.2.0,6.14.14,2.9.1+rocm7.2.0.git7e1940d4,3.6.0,b6f71d585
topk_gating_softmax-7255fff8-20260602-160241,sha1:815f175ee43d0f4d,Kimi-K2,model_config,bf16,topk_gating_softmax,"{""num_experts"":384,""num_tokens"":256,""topk"":8}",aiter_ck,,,not_configured,,,,,,,,,,,,,,,,False,False,False,aiter MoE-topk gating is one C++/HIP kernel (use aiter); no separately-selectable CK topk-gating from Python,32e1e6d76,32e1e6d76,AMD Instinct MI350X,gfx950,7.2.0,6.14.14,2.9.1+rocm7.2.0.git7e1940d4,3.6.0,b6f71d585
topk_gating_softmax-7255fff8-20260602-160241,sha1:815f175ee43d0f4d,Kimi-K2,model_config,bf16,topk_gating_softmax,"{""num_experts"":384,""num_tokens"":256,""topk"":8}",aiter_asm,,,not_configured,,,,,,,,,,,,,,,,False,False,False,"aiter ASM topk paths (moe_fused_gate/biased_grouped_topk_hip) are grouped/biased routing, not plain softmax topk-gating-softmax",32e1e6d76,32e1e6d76,AMD Instinct MI350X,gfx950,7.2.0,6.14.14,2.9.1+rocm7.2.0.git7e1940d4,3.6.0,b6f71d585
topk_gating_softmax-7255fff8-20260602-160241,sha1:815f175ee43d0f4d,Kimi-K2,model_config,bf16,topk_gating_softmax,"{""num_experts"":384,""num_tokens"":256,""topk"":8}",ck,,,not_configured,,,,,,,,,,,,,,,,False,False,False,no standalone CK topk-gating-softmax adapter (CK topk is reached via aiter),,,AMD Instinct MI350X,gfx950,7.2.0,6.14.14,2.9.1+rocm7.2.0.git7e1940d4,3.6.0,b6f71d585
topk_gating_softmax-7255fff8-20260602-160241,sha1:815f175ee43d0f4d,Kimi-K2,model_config,bf16,topk_gating_softmax,"{""num_experts"":384,""num_tokens"":256,""topk"":8}",gluon,,,not_configured,,,,,,,,,,,,,,,,False,False,False,no Gluon topk-gating-softmax kernel,,,AMD Instinct MI350X,gfx950,7.2.0,6.14.14,2.9.1+rocm7.2.0.git7e1940d4,3.6.0,b6f71d585
topk_gating_softmax-7255fff8-20260602-160241,sha1:815f175ee43d0f4d,Kimi-K2,model_config,bf16,topk_gating_softmax,"{""num_experts"":384,""num_tokens"":256,""topk"":8}",hipblaslt,,,not_configured,,,,,,,,,,,,,,,,False,False,False,hipBLASLt is a GEMM library (no topk-gating-softmax op),,,AMD Instinct MI350X,gfx950,7.2.0,6.14.14,2.9.1+rocm7.2.0.git7e1940d4,3.6.0,b6f71d585
topk_gating_softmax-7255fff8-20260602-160241,sha1:0a396d08cfabc226,Kimi-K2,model_config,bf16,topk_gating_softmax,"{""num_experts"":384,""num_tokens"":2048,""topk"":8}",flydsl,"build_topk_gating_softmax_module(num_experts=256,topk=8,bf16,renormalize=True); fused softmax+topk+renorm, layout VPT=16 THREADS_PER_TOKEN=16",,unsupported,,,,,,,,,,,,,,,,False,False,False,"num_experts=384 has no valid multi-token layout (needs num_experts//VPT a power of 2 <= 64 for VPT in [16,8,4,2,1]); e.g. 384 (Kimi-K2) is unsupported",7255fff8,,AMD Instinct MI350X,gfx950,7.2.0,6.14.14,2.9.1+rocm7.2.0.git7e1940d4,3.6.0,b6f71d585
topk_gating_softmax-7255fff8-20260602-160241,sha1:0a396d08cfabc226,Kimi-K2,model_config,bf16,topk_gating_softmax,"{""num_experts"":384,""num_tokens"":2048,""topk"":8}",pytorch,torch.softmax(dim=1) -> torch.topk -> renorm (also the fp32 reference),True,ok,143.72099936008453,cudagraph,136.58150285482407,-7.1394965052604675,143.72099936008453,l2_flushed_graph,1,141.59300327301025,146.14559710025787,143.6758667230606,1.6914865164643285,140.96100628376007,True,12.311854272364831,0.07136315531944801,True,False,False,,,,AMD Instinct MI350X,gfx950,7.2.0,6.14.14,2.9.1+rocm7.2.0.git7e1940d4,3.6.0,b6f71d585
topk_gating_softmax-7255fff8-20260602-160241,sha1:0a396d08cfabc226,Kimi-K2,model_config,bf16,topk_gating_softmax,"{""num_experts"":384,""num_tokens"":2048,""topk"":8}",aiter,"aiter.topk_gating(score_func='softmax', need_renorm forced False); top-K softmax probs renormalized in adapter to match renorm reference",True,ok,27.51999907195568,cudagraph,21.06000017374754,-6.459998898208141,27.51999907195568,l2_flushed_graph,1,26.768000051379204,30.0720002502203,86.64326605697472,219.94902692137782,26.599999517202377,True,64.29767658688567,0.37268838466102244,True,True,False,,32e1e6d76,32e1e6d76,AMD Instinct MI350X,gfx950,7.2.0,6.14.14,2.9.1+rocm7.2.0.git7e1940d4,3.6.0,b6f71d585
topk_gating_softmax-7255fff8-20260602-160241,sha1:0a396d08cfabc226,Kimi-K2,model_config,bf16,topk_gating_softmax,"{""num_experts"":384,""num_tokens"":2048,""topk"":8}",aiter_triton,torch.softmax(dim=1) -> aiter.ops.triton.topk.topk (1-/2-stage Triton top-K) -> renorm,True,ok,43.60000044107437,cudagraph,36.04000061750412,-7.5599998235702515,43.60000044107437,l2_flushed_graph,1,42.88040101528168,45.54460048675537,99.26026811202367,208.1335865020726,42.48100146651268,True,40.58421977292066,0.23523816275785495,True,True,False,,32e1e6d76,32e1e6d76,AMD Instinct MI350X,gfx950,7.2.0,6.14.14,2.9.1+rocm7.2.0.git7e1940d4,3.6.0,b6f71d585
topk_gating_softmax-7255fff8-20260602-160241,sha1:0a396d08cfabc226,Kimi-K2,model_config,bf16,topk_gating_softmax,"{""num_experts"":384,""num_tokens"":2048,""topk"":8}",triton,,,not_configured,,,,,,,,,,,,,,,,False,False,False,"no standalone fused topk-gating-softmax Triton kernel (only aiter.ops.triton.topk, exposed as aiter_triton)",,,AMD Instinct MI350X,gfx950,7.2.0,6.14.14,2.9.1+rocm7.2.0.git7e1940d4,3.6.0,b6f71d585
topk_gating_softmax-7255fff8-20260602-160241,sha1:0a396d08cfabc226,Kimi-K2,model_config,bf16,topk_gating_softmax,"{""num_experts"":384,""num_tokens"":2048,""topk"":8}",aiter_ck,,,not_configured,,,,,,,,,,,,,,,,False,False,False,aiter MoE-topk gating is one C++/HIP kernel (use aiter); no separately-selectable CK topk-gating from Python,32e1e6d76,32e1e6d76,AMD Instinct MI350X,gfx950,7.2.0,6.14.14,2.9.1+rocm7.2.0.git7e1940d4,3.6.0,b6f71d585
topk_gating_softmax-7255fff8-20260602-160241,sha1:0a396d08cfabc226,Kimi-K2,model_config,bf16,topk_gating_softmax,"{""num_experts"":384,""num_tokens"":2048,""topk"":8}",aiter_asm,,,not_configured,,,,,,,,,,,,,,,,False,False,False,"aiter ASM topk paths (moe_fused_gate/biased_grouped_topk_hip) are grouped/biased routing, not plain softmax topk-gating-softmax",32e1e6d76,32e1e6d76,AMD Instinct MI350X,gfx950,7.2.0,6.14.14,2.9.1+rocm7.2.0.git7e1940d4,3.6.0,b6f71d585
topk_gating_softmax-7255fff8-20260602-160241,sha1:0a396d08cfabc226,Kimi-K2,model_config,bf16,topk_gating_softmax,"{""num_experts"":384,""num_tokens"":2048,""topk"":8}",ck,,,not_configured,,,,,,,,,,,,,,,,False,False,False,no standalone CK topk-gating-softmax adapter (CK topk is reached via aiter),,,AMD Instinct MI350X,gfx950,7.2.0,6.14.14,2.9.1+rocm7.2.0.git7e1940d4,3.6.0,b6f71d585
topk_gating_softmax-7255fff8-20260602-160241,sha1:0a396d08cfabc226,Kimi-K2,model_config,bf16,topk_gating_softmax,"{""num_experts"":384,""num_tokens"":2048,""topk"":8}",gluon,,,not_configured,,,,,,,,,,,,,,,,False,False,False,no Gluon topk-gating-softmax kernel,,,AMD Instinct MI350X,gfx950,7.2.0,6.14.14,2.9.1+rocm7.2.0.git7e1940d4,3.6.0,b6f71d585
topk_gating_softmax-7255fff8-20260602-160241,sha1:0a396d08cfabc226,Kimi-K2,model_config,bf16,topk_gating_softmax,"{""num_experts"":384,""num_tokens"":2048,""topk"":8}",hipblaslt,,,not_configured,,,,,,,,,,,,,,,,False,False,False,hipBLASLt is a GEMM library (no topk-gating-softmax op),,,AMD Instinct MI350X,gfx950,7.2.0,6.14.14,2.9.1+rocm7.2.0.git7e1940d4,3.6.0,b6f71d585
topk_gating_softmax-7255fff8-20260602-160241,sha1:9eaa872543ccc1f9,Kimi-K2,model_config,bf16,topk_gating_softmax,"{""num_experts"":384,""num_tokens"":16384,""topk"":8}",flydsl,"build_topk_gating_softmax_module(num_experts=256,topk=8,bf16,renormalize=True); fused softmax+topk+renorm, layout VPT=16 THREADS_PER_TOKEN=16",,unsupported,,,,,,,,,,,,,,,,False,False,False,"num_experts=384 has no valid multi-token layout (needs num_experts//VPT a power of 2 <= 64 for VPT in [16,8,4,2,1]); e.g. 384 (Kimi-K2) is unsupported",7255fff8,,AMD Instinct MI350X,gfx950,7.2.0,6.14.14,2.9.1+rocm7.2.0.git7e1940d4,3.6.0,b6f71d585
topk_gating_softmax-7255fff8-20260602-160241,sha1:9eaa872543ccc1f9,Kimi-K2,model_config,bf16,topk_gating_softmax,"{""num_experts"":384,""num_tokens"":16384,""topk"":8}",pytorch,torch.softmax(dim=1) -> torch.topk -> renorm (also the fp32 reference),True,ok,758.886992931366,cudagraph,755.9265196323395,-2.9604732990264893,758.886992931366,l2_flushed_graph,1,755.9099793434143,762.965989112854,759.411601225535,3.1741574648328066,754.5660138130188,True,18.653338549551677,0.10812027714832734,True,False,False,,,,AMD Instinct MI350X,gfx950,7.2.0,6.14.14,2.9.1+rocm7.2.0.git7e1940d4,3.6.0,b6f71d585
topk_gating_softmax-7255fff8-20260602-160241,sha1:9eaa872543ccc1f9,Kimi-K2,model_config,bf16,topk_gating_softmax,"{""num_experts"":384,""num_tokens"":16384,""topk"":8}",aiter,"aiter.topk_gating(score_func='softmax', need_renorm forced False); top-K softmax probs renormalized in adapter to match renorm reference",True,ok,44.2809984087944,cudagraph,39.239998906850815,-5.040999501943588,44.2809984087944,l2_flushed_graph,1,44.080399721860886,45.19200101494789,44.45900022983551,0.5220139215471996,43.83999854326248,True,319.6805968401245,1.8529634594622033,True,True,False,,32e1e6d76,32e1e6d76,AMD Instinct MI350X,gfx950,7.2.0,6.14.14,2.9.1+rocm7.2.0.git7e1940d4,3.6.0,b6f71d585
topk_gating_softmax-7255fff8-20260602-160241,sha1:9eaa872543ccc1f9,Kimi-K2,model_config,bf16,topk_gating_softmax,"{""num_experts"":384,""num_tokens"":16384,""topk"":8}",aiter_triton,torch.softmax(dim=1) -> aiter.ops.triton.topk.topk (1-/2-stage Triton top-K) -> renorm,True,ok,125.44099986553192,cudagraph,118.88100206851959,-6.559997797012329,125.44099986553192,l2_flushed_graph,1,124.76899921894073,126.18500292301178,180.57673225800195,206.66316687583102,124.04099851846695,True,112.8480800948212,0.6541009086977599,True,True,False,,32e1e6d76,32e1e6d76,AMD Instinct MI350X,gfx950,7.2.0,6.14.14,2.9.1+rocm7.2.0.git7e1940d4,3.6.0,b6f71d585
topk_gating_softmax-7255fff8-20260602-160241,sha1:9eaa872543ccc1f9,Kimi-K2,model_config,bf16,topk_gating_softmax,"{""num_experts"":384,""num_tokens"":16384,""topk"":8}",triton,,,not_configured,,,,,,,,,,,,,,,,False,False,False,"no standalone fused topk-gating-softmax Triton kernel (only aiter.ops.triton.topk, exposed as aiter_triton)",,,AMD Instinct MI350X,gfx950,7.2.0,6.14.14,2.9.1+rocm7.2.0.git7e1940d4,3.6.0,b6f71d585
topk_gating_softmax-7255fff8-20260602-160241,sha1:9eaa872543ccc1f9,Kimi-K2,model_config,bf16,topk_gating_softmax,"{""num_experts"":384,""num_tokens"":16384,""topk"":8}",aiter_ck,,,not_configured,,,,,,,,,,,,,,,,False,False,False,aiter MoE-topk gating is one C++/HIP kernel (use aiter); no separately-selectable CK topk-gating from Python,32e1e6d76,32e1e6d76,AMD Instinct MI350X,gfx950,7.2.0,6.14.14,2.9.1+rocm7.2.0.git7e1940d4,3.6.0,b6f71d585
topk_gating_softmax-7255fff8-20260602-160241,sha1:9eaa872543ccc1f9,Kimi-K2,model_config,bf16,topk_gating_softmax,"{""num_experts"":384,""num_tokens"":16384,""topk"":8}",aiter_asm,,,not_configured,,,,,,,,,,,,,,,,False,False,False,"aiter ASM topk paths (moe_fused_gate/biased_grouped_topk_hip) are grouped/biased routing, not plain softmax topk-gating-softmax",32e1e6d76,32e1e6d76,AMD Instinct MI350X,gfx950,7.2.0,6.14.14,2.9.1+rocm7.2.0.git7e1940d4,3.6.0,b6f71d585
topk_gating_softmax-7255fff8-20260602-160241,sha1:9eaa872543ccc1f9,Kimi-K2,model_config,bf16,topk_gating_softmax,"{""num_experts"":384,""num_tokens"":16384,""topk"":8}",ck,,,not_configured,,,,,,,,,,,,,,,,False,False,False,no standalone CK topk-gating-softmax adapter (CK topk is reached via aiter),,,AMD Instinct MI350X,gfx950,7.2.0,6.14.14,2.9.1+rocm7.2.0.git7e1940d4,3.6.0,b6f71d585
topk_gating_softmax-7255fff8-20260602-160241,sha1:9eaa872543ccc1f9,Kimi-K2,model_config,bf16,topk_gating_softmax,"{""num_experts"":384,""num_tokens"":16384,""topk"":8}",gluon,,,not_configured,,,,,,,,,,,,,,,,False,False,False,no Gluon topk-gating-softmax kernel,,,AMD Instinct MI350X,gfx950,7.2.0,6.14.14,2.9.1+rocm7.2.0.git7e1940d4,3.6.0,b6f71d585
topk_gating_softmax-7255fff8-20260602-160241,sha1:9eaa872543ccc1f9,Kimi-K2,model_config,bf16,topk_gating_softmax,"{""num_experts"":384,""num_tokens"":16384,""topk"":8}",hipblaslt,,,not_configured,,,,,,,,,,,,,,,,False,False,False,hipBLASLt is a GEMM library (no topk-gating-softmax op),,,AMD Instinct MI350X,gfx950,7.2.0,6.14.14,2.9.1+rocm7.2.0.git7e1940d4,3.6.0,b6f71d585
topk_gating_softmax-7255fff8-20260602-160241,sha1:05d42d0272652291,Mixtral-8x22B-class,model_config,bf16,topk_gating_softmax,"{""num_experts"":128,""num_tokens"":1,""topk"":6}",flydsl,"build_topk_gating_softmax_module(num_experts=128,topk=6,bf16,renormalize=True); fused softmax+topk+renorm, layout VPT=16 THREADS_PER_TOKEN=8",True,ok,15.479999594390392,cudagraph,60.759998857975006,45.279999263584614,15.479999594390392,l2_flushed_graph,1,14.368600212037563,19.936000183224678,16.834866752227146,4.484719657994667,14.32000007480383,False,0.021188631046144206,9.173126855342919e-05,False,False,False,,7255fff8,,AMD Instinct MI350X,gfx950,7.2.0,6.14.14,2.9.1+rocm7.2.0.git7e1940d4,3.6.0,b6f71d585
topk_gating_softmax-7255fff8-20260602-160241,sha1:05d42d0272652291,Mixtral-8x22B-class,model_config,bf16,topk_gating_softmax,"{""num_experts"":128,""num_tokens"":1,""topk"":6}",pytorch,torch.softmax(dim=1) -> torch.topk -> renorm (also the fp32 reference),True,ok,37.04100102186203,cudagraph,24.050249718129635,-12.990751303732395,37.04100102186203,l2_flushed_graph,1,34.98459979891777,39.74459916353226,37.34959984819094,1.9340740455567595,34.481000155210495,True,0.008855052265094308,3.833589700132293e-05,True,False,False,,,,AMD Instinct MI350X,gfx950,7.2.0,6.14.14,2.9.1+rocm7.2.0.git7e1940d4,3.6.0,b6f71d585
topk_gating_softmax-7255fff8-20260602-160241,sha1:05d42d0272652291,Mixtral-8x22B-class,model_config,bf16,topk_gating_softmax,"{""num_experts"":128,""num_tokens"":1,""topk"":6}",aiter,"aiter.topk_gating(score_func='softmax', need_renorm forced False); top-K softmax probs renormalized in adapter to match renorm reference",True,ok,22.400999441742897,cudagraph,12.830500025302172,-9.570499416440725,22.400999441742897,l2_flushed_graph,1,22.03260026872158,25.144600123167038,23.194866999983788,1.7616992734934365,21.84000052511692,True,0.014642203837958766,6.339002881067515e-05,True,True,False,,32e1e6d76,32e1e6d76,AMD Instinct MI350X,gfx950,7.2.0,6.14.14,2.9.1+rocm7.2.0.git7e1940d4,3.6.0,b6f71d585
topk_gating_softmax-7255fff8-20260602-160241,sha1:05d42d0272652291,Mixtral-8x22B-class,model_config,bf16,topk_gating_softmax,"{""num_experts"":128,""num_tokens"":1,""topk"":6}",aiter_triton,torch.softmax(dim=1) -> aiter.ops.triton.topk.topk (1-/2-stage Triton top-K) -> renorm,True,ok,30.079999938607216,cudagraph,20.840000361204147,-9.239999577403069,30.079999938607216,l2_flushed_graph,1,28.224000334739685,32.02400058507919,29.949533318479855,1.5049596441286166,27.559999376535416,True,0.01090425534140434,4.7207446904860256e-05,True,True,False,,32e1e6d76,32e1e6d76,AMD Instinct MI350X,gfx950,7.2.0,6.14.14,2.9.1+rocm7.2.0.git7e1940d4,3.6.0,b6f71d585
topk_gating_softmax-7255fff8-20260602-160241,sha1:05d42d0272652291,Mixtral-8x22B-class,model_config,bf16,topk_gating_softmax,"{""num_experts"":128,""num_tokens"":1,""topk"":6}",triton,,,not_configured,,,,,,,,,,,,,,,,False,False,False,"no standalone fused topk-gating-softmax Triton kernel (only aiter.ops.triton.topk, exposed as aiter_triton)",,,AMD Instinct MI350X,gfx950,7.2.0,6.14.14,2.9.1+rocm7.2.0.git7e1940d4,3.6.0,b6f71d585
topk_gating_softmax-7255fff8-20260602-160241,sha1:05d42d0272652291,Mixtral-8x22B-class,model_config,bf16,topk_gating_softmax,"{""num_experts"":128,""num_tokens"":1,""topk"":6}",aiter_ck,,,not_configured,,,,,,,,,,,,,,,,False,False,False,aiter MoE-topk gating is one C++/HIP kernel (use aiter); no separately-selectable CK topk-gating from Python,32e1e6d76,32e1e6d76,AMD Instinct MI350X,gfx950,7.2.0,6.14.14,2.9.1+rocm7.2.0.git7e1940d4,3.6.0,b6f71d585
topk_gating_softmax-7255fff8-20260602-160241,sha1:05d42d0272652291,Mixtral-8x22B-class,model_config,bf16,topk_gating_softmax,"{""num_experts"":128,""num_tokens"":1,""topk"":6}",aiter_asm,,,not_configured,,,,,,,,,,,,,,,,False,False,False,"aiter ASM topk paths (moe_fused_gate/biased_grouped_topk_hip) are grouped/biased routing, not plain softmax topk-gating-softmax",32e1e6d76,32e1e6d76,AMD Instinct MI350X,gfx950,7.2.0,6.14.14,2.9.1+rocm7.2.0.git7e1940d4,3.6.0,b6f71d585
topk_gating_softmax-7255fff8-20260602-160241,sha1:05d42d0272652291,Mixtral-8x22B-class,model_config,bf16,topk_gating_softmax,"{""num_experts"":128,""num_tokens"":1,""topk"":6}",ck,,,not_configured,,,,,,,,,,,,,,,,False,False,False,no standalone CK topk-gating-softmax adapter (CK topk is reached via aiter),,,AMD Instinct MI350X,gfx950,7.2.0,6.14.14,2.9.1+rocm7.2.0.git7e1940d4,3.6.0,b6f71d585
topk_gating_softmax-7255fff8-20260602-160241,sha1:05d42d0272652291,Mixtral-8x22B-class,model_config,bf16,topk_gating_softmax,"{""num_experts"":128,""num_tokens"":1,""topk"":6}",gluon,,,not_configured,,,,,,,,,,,,,,,,False,False,False,no Gluon topk-gating-softmax kernel,,,AMD Instinct MI350X,gfx950,7.2.0,6.14.14,2.9.1+rocm7.2.0.git7e1940d4,3.6.0,b6f71d585
topk_gating_softmax-7255fff8-20260602-160241,sha1:05d42d0272652291,Mixtral-8x22B-class,model_config,bf16,topk_gating_softmax,"{""num_experts"":128,""num_tokens"":1,""topk"":6}",hipblaslt,,,not_configured,,,,,,,,,,,,,,,,False,False,False,hipBLASLt is a GEMM library (no topk-gating-softmax op),,,AMD Instinct MI350X,gfx950,7.2.0,6.14.14,2.9.1+rocm7.2.0.git7e1940d4,3.6.0,b6f71d585
topk_gating_softmax-7255fff8-20260602-160241,sha1:0e6ddbec4e516f08,Mixtral-8x22B-class,model_config,bf16,topk_gating_softmax,"{""num_experts"":128,""num_tokens"":1024,""topk"":6}",flydsl,"build_topk_gating_softmax_module(num_experts=128,topk=6,bf16,renormalize=True); fused softmax+topk+renorm, layout VPT=16 THREADS_PER_TOKEN=8",True,ok,15.080000273883343,cudagraph,60.86050160229206,45.78050132840872,15.080000273883343,l2_flushed_graph,1,14.920400083065033,16.16000048816204,17.688266684611637,9.381957127650713,14.840000309050083,True,22.272678640575883,0.09642440143176144,False,False,False,,7255fff8,,AMD Instinct MI350X,gfx950,7.2.0,6.14.14,2.9.1+rocm7.2.0.git7e1940d4,3.6.0,b6f71d585
topk_gating_softmax-7255fff8-20260602-160241,sha1:0e6ddbec4e516f08,Mixtral-8x22B-class,model_config,bf16,topk_gating_softmax,"{""num_experts"":128,""num_tokens"":1024,""topk"":6}",pytorch,torch.softmax(dim=1) -> torch.topk -> renorm (also the fp32 reference),True,ok,38.759998977184296,cudagraph,29.81050033122301,-8.949498645961285,38.759998977184296,l2_flushed_graph,1,37.896399945020676,40.70500060915947,40.38426627715429,6.010544438404833,37.6800000667572,True,8.665428505240877,0.03751496487025014,True,False,False,,,,AMD Instinct MI350X,gfx950,7.2.0,6.14.14,2.9.1+rocm7.2.0.git7e1940d4,3.6.0,b6f71d585
topk_gating_softmax-7255fff8-20260602-160241,sha1:0e6ddbec4e516f08,Mixtral-8x22B-class,model_config,bf16,topk_gating_softmax,"{""num_experts"":128,""num_tokens"":1024,""topk"":6}",aiter,"aiter.topk_gating(score_func='softmax', need_renorm forced False); top-K softmax probs renormalized in adapter to match renorm reference",True,ok,24.921000003814697,cudagraph,15.930249355733395,-8.990750648081303,24.921000003814697,l2_flushed_graph,1,24.19240027666092,36.47199943661689,27.448199813564617,6.21545947231467,23.719999939203262,False,13.477468799349447,0.058347578338646996,True,True,False,,32e1e6d76,32e1e6d76,AMD Instinct MI350X,gfx950,7.2.0,6.14.14,2.9.1+rocm7.2.0.git7e1940d4,3.6.0,b6f71d585
topk_gating_softmax-7255fff8-20260602-160241,sha1:0e6ddbec4e516f08,Mixtral-8x22B-class,model_config,bf16,topk_gating_softmax,"{""num_experts"":128,""num_tokens"":1024,""topk"":6}",aiter_triton,torch.softmax(dim=1) -> aiter.ops.triton.topk.topk (1-/2-stage Triton top-K) -> renorm,True,ok,33.28000009059906,cudagraph,26.040999218821526,-7.2390008717775345,33.28000009059906,l2_flushed_graph,1,32.49699920415878,34.288399666547775,33.47226654489835,0.8158097447299076,32.1200005710125,True,10.092307664833125,0.04369230757336292,True,True,False,,32e1e6d76,32e1e6d76,AMD Instinct MI350X,gfx950,7.2.0,6.14.14,2.9.1+rocm7.2.0.git7e1940d4,3.6.0,b6f71d585
topk_gating_softmax-7255fff8-20260602-160241,sha1:0e6ddbec4e516f08,Mixtral-8x22B-class,model_config,bf16,topk_gating_softmax,"{""num_experts"":128,""num_tokens"":1024,""topk"":6}",triton,,,not_configured,,,,,,,,,,,,,,,,False,False,False,"no standalone fused topk-gating-softmax Triton kernel (only aiter.ops.triton.topk, exposed as aiter_triton)",,,AMD Instinct MI350X,gfx950,7.2.0,6.14.14,2.9.1+rocm7.2.0.git7e1940d4,3.6.0,b6f71d585
topk_gating_softmax-7255fff8-20260602-160241,sha1:0e6ddbec4e516f08,Mixtral-8x22B-class,model_config,bf16,topk_gating_softmax,"{""num_experts"":128,""num_tokens"":1024,""topk"":6}",aiter_ck,,,not_configured,,,,,,,,,,,,,,,,False,False,False,aiter MoE-topk gating is one C++/HIP kernel (use aiter); no separately-selectable CK topk-gating from Python,32e1e6d76,32e1e6d76,AMD Instinct MI350X,gfx950,7.2.0,6.14.14,2.9.1+rocm7.2.0.git7e1940d4,3.6.0,b6f71d585
topk_gating_softmax-7255fff8-20260602-160241,sha1:0e6ddbec4e516f08,Mixtral-8x22B-class,model_config,bf16,topk_gating_softmax,"{""num_experts"":128,""num_tokens"":1024,""topk"":6}",aiter_asm,,,not_configured,,,,,,,,,,,,,,,,False,False,False,"aiter ASM topk paths (moe_fused_gate/biased_grouped_topk_hip) are grouped/biased routing, not plain softmax topk-gating-softmax",32e1e6d76,32e1e6d76,AMD Instinct MI350X,gfx950,7.2.0,6.14.14,2.9.1+rocm7.2.0.git7e1940d4,3.6.0,b6f71d585
topk_gating_softmax-7255fff8-20260602-160241,sha1:0e6ddbec4e516f08,Mixtral-8x22B-class,model_config,bf16,topk_gating_softmax,"{""num_experts"":128,""num_tokens"":1024,""topk"":6}",ck,,,not_configured,,,,,,,,,,,,,,,,False,False,False,no standalone CK topk-gating-softmax adapter (CK topk is reached via aiter),,,AMD Instinct MI350X,gfx950,7.2.0,6.14.14,2.9.1+rocm7.2.0.git7e1940d4,3.6.0,b6f71d585
topk_gating_softmax-7255fff8-20260602-160241,sha1:0e6ddbec4e516f08,Mixtral-8x22B-class,model_config,bf16,topk_gating_softmax,"{""num_experts"":128,""num_tokens"":1024,""topk"":6}",gluon,,,not_configured,,,,,,,,,,,,,,,,False,False,False,no Gluon topk-gating-softmax kernel,,,AMD Instinct MI350X,gfx950,7.2.0,6.14.14,2.9.1+rocm7.2.0.git7e1940d4,3.6.0,b6f71d585
topk_gating_softmax-7255fff8-20260602-160241,sha1:0e6ddbec4e516f08,Mixtral-8x22B-class,model_config,bf16,topk_gating_softmax,"{""num_experts"":128,""num_tokens"":1024,""topk"":6}",hipblaslt,,,not_configured,,,,,,,,,,,,,,,,False,False,False,hipBLASLt is a GEMM library (no topk-gating-softmax op),,,AMD Instinct MI350X,gfx950,7.2.0,6.14.14,2.9.1+rocm7.2.0.git7e1940d4,3.6.0,b6f71d585
topk_gating_softmax-7255fff8-20260602-160241,sha1:9cf721ce5fd2bd4e,Mixtral-8x22B-class,model_config,fp16,topk_gating_softmax,"{""num_experts"":128,""num_tokens"":128,""topk"":6}",flydsl,"build_topk_gating_softmax_module(num_experts=128,topk=6,f16,renormalize=True); fused softmax+topk+renorm, layout VPT=16 THREADS_PER_TOKEN=8",True,ok,15.239999629557133,cudagraph,60.20049937069416,44.96049974113703,15.239999629557133,l2_flushed_graph,1,14.848600141704082,15.767999738454819,15.352066668371359,0.6030776623040994,14.519999735057354,True,2.754855710007654,0.011926509476252648,False,False,False,,7255fff8,,AMD Instinct MI350X,gfx950,7.2.0,6.14.14,2.9.1+rocm7.2.0.git7e1940d4,3.6.0,b6f71d585
topk_gating_softmax-7255fff8-20260602-160241,sha1:9cf721ce5fd2bd4e,Mixtral-8x22B-class,model_config,fp16,topk_gating_softmax,"{""num_experts"":128,""num_tokens"":128,""topk"":6}",pytorch,torch.softmax(dim=1) -> torch.topk -> renorm (also the fp32 reference),True,ok,35.801000893116,cudagraph,27.43025030940771,-8.370750583708286,35.801000893116,l2_flushed_graph,1,35.312000662088394,37.63999864459038,36.19493295749029,0.8793486442844377,35.23999825119972,True,1.172704643798741,0.005076953031079915,True,False,False,,,,AMD Instinct MI350X,gfx950,7.2.0,6.14.14,2.9.1+rocm7.2.0.git7e1940d4,3.6.0,b6f71d585
topk_gating_softmax-7255fff8-20260602-160241,sha1:9cf721ce5fd2bd4e,Mixtral-8x22B-class,model_config,fp16,topk_gating_softmax,"{""num_experts"":128,""num_tokens"":128,""topk"":6}",aiter,"aiter.topk_gating(score_func='softmax', need_renorm forced False); top-K softmax probs renormalized in adapter to match renorm reference",True,ok,24.481000378727913,cudagraph,14.840250369161367,-9.640750009566545,24.481000378727913,l2_flushed_graph,1,22.96839952468872,26.03999972343445,24.578866610924404,1.235784846177625,22.520000115036964,True,1.7149625975448632,0.007424533196688127,True,True,False,,32e1e6d76,32e1e6d76,AMD Instinct MI350X,gfx950,7.2.0,6.14.14,2.9.1+rocm7.2.0.git7e1940d4,3.6.0,b6f71d585
topk_gating_softmax-7255fff8-20260602-160241,sha1:9cf721ce5fd2bd4e,Mixtral-8x22B-class,model_config,fp16,topk_gating_softmax,"{""num_experts"":128,""num_tokens"":128,""topk"":6}",aiter_triton,torch.softmax(dim=1) -> aiter.ops.triton.topk.topk (1-/2-stage Triton top-K) -> renorm,True,ok,32.03999996185303,cudagraph,23.939999751746655,-8.100000210106373,32.03999996185303,l2_flushed_graph,1,30.64040057361126,35.864000022411346,85.83393394947052,199.4258897071974,30.60000017285347,True,1.3103620490008223,0.005672908870674291,True,True,False,,32e1e6d76,32e1e6d76,AMD Instinct MI350X,gfx950,7.2.0,6.14.14,2.9.1+rocm7.2.0.git7e1940d4,3.6.0,b6f71d585
topk_gating_softmax-7255fff8-20260602-160241,sha1:9cf721ce5fd2bd4e,Mixtral-8x22B-class,model_config,fp16,topk_gating_softmax,"{""num_experts"":128,""num_tokens"":128,""topk"":6}",triton,,,not_configured,,,,,,,,,,,,,,,,False,False,False,"no standalone fused topk-gating-softmax Triton kernel (only aiter.ops.triton.topk, exposed as aiter_triton)",,,AMD Instinct MI350X,gfx950,7.2.0,6.14.14,2.9.1+rocm7.2.0.git7e1940d4,3.6.0,b6f71d585
topk_gating_softmax-7255fff8-20260602-160241,sha1:9cf721ce5fd2bd4e,Mixtral-8x22B-class,model_config,fp16,topk_gating_softmax,"{""num_experts"":128,""num_tokens"":128,""topk"":6}",aiter_ck,,,not_configured,,,,,,,,,,,,,,,,False,False,False,aiter MoE-topk gating is one C++/HIP kernel (use aiter); no separately-selectable CK topk-gating from Python,32e1e6d76,32e1e6d76,AMD Instinct MI350X,gfx950,7.2.0,6.14.14,2.9.1+rocm7.2.0.git7e1940d4,3.6.0,b6f71d585
topk_gating_softmax-7255fff8-20260602-160241,sha1:9cf721ce5fd2bd4e,Mixtral-8x22B-class,model_config,fp16,topk_gating_softmax,"{""num_experts"":128,""num_tokens"":128,""topk"":6}",aiter_asm,,,not_configured,,,,,,,,,,,,,,,,False,False,False,"aiter ASM topk paths (moe_fused_gate/biased_grouped_topk_hip) are grouped/biased routing, not plain softmax topk-gating-softmax",32e1e6d76,32e1e6d76,AMD Instinct MI350X,gfx950,7.2.0,6.14.14,2.9.1+rocm7.2.0.git7e1940d4,3.6.0,b6f71d585
topk_gating_softmax-7255fff8-20260602-160241,sha1:9cf721ce5fd2bd4e,Mixtral-8x22B-class,model_config,fp16,topk_gating_softmax,"{""num_experts"":128,""num_tokens"":128,""topk"":6}",ck,,,not_configured,,,,,,,,,,,,,,,,False,False,False,no standalone CK topk-gating-softmax adapter (CK topk is reached via aiter),,,AMD Instinct MI350X,gfx950,7.2.0,6.14.14,2.9.1+rocm7.2.0.git7e1940d4,3.6.0,b6f71d585
topk_gating_softmax-7255fff8-20260602-160241,sha1:9cf721ce5fd2bd4e,Mixtral-8x22B-class,model_config,fp16,topk_gating_softmax,"{""num_experts"":128,""num_tokens"":128,""topk"":6}",gluon,,,not_configured,,,,,,,,,,,,,,,,False,False,False,no Gluon topk-gating-softmax kernel,,,AMD Instinct MI350X,gfx950,7.2.0,6.14.14,2.9.1+rocm7.2.0.git7e1940d4,3.6.0,b6f71d585
topk_gating_softmax-7255fff8-20260602-160241,sha1:9cf721ce5fd2bd4e,Mixtral-8x22B-class,model_config,fp16,topk_gating_softmax,"{""num_experts"":128,""num_tokens"":128,""topk"":6}",hipblaslt,,,not_configured,,,,,,,,,,,,,,,,False,False,False,hipBLASLt is a GEMM library (no topk-gating-softmax op),,,AMD Instinct MI350X,gfx950,7.2.0,6.14.14,2.9.1+rocm7.2.0.git7e1940d4,3.6.0,b6f71d585
topk_gating_softmax-7255fff8-20260602-160241,sha1:caa9e588ae89f9bd,Llama4-class,model_config,bf16,topk_gating_softmax,"{""num_experts"":64,""num_tokens"":512,""topk"":2}",flydsl,"build_topk_gating_softmax_module(num_experts=64,topk=2,bf16,renormalize=True); fused softmax+topk+renorm, layout VPT=16 THREADS_PER_TOKEN=4",True,ok,13.279999606311321,cudagraph,61.200499534606934,47.92049992829561,13.279999606311321,l2_flushed_graph,1,13.135999999940395,13.49599976092577,13.368133207162222,0.4228324516078384,13.039999641478062,True,5.860241137583628,0.017426506540709215,False,False,False,,7255fff8,,AMD Instinct MI350X,gfx950,7.2.0,6.14.14,2.9.1+rocm7.2.0.git7e1940d4,3.6.0,b6f71d585
topk_gating_softmax-7255fff8-20260602-160241,sha1:caa9e588ae89f9bd,Llama4-class,model_config,bf16,topk_gating_softmax,"{""num_experts"":64,""num_tokens"":512,""topk"":2}",pytorch,torch.softmax(dim=1) -> torch.topk -> renorm (also the fp32 reference),True,ok,36.639999598264694,cudagraph,29.940500855445862,-6.699498742818832,36.639999598264694,l2_flushed_graph,1,35.28800085186958,39.2719991505146,37.018999705712,1.6388535587765503,34.80000048875809,True,2.124017490537468,0.006316157274492996,True,False,False,,,,AMD Instinct MI350X,gfx950,7.2.0,6.14.14,2.9.1+rocm7.2.0.git7e1940d4,3.6.0,b6f71d585
topk_gating_softmax-7255fff8-20260602-160241,sha1:caa9e588ae89f9bd,Llama4-class,model_config,bf16,topk_gating_softmax,"{""num_experts"":64,""num_tokens"":512,""topk"":2}",aiter,"aiter.topk_gating(score_func='softmax', need_renorm forced False); top-K softmax probs renormalized in adapter to match renorm reference",True,ok,23.399999365210533,cudagraph,13.649999629706144,-9.749999735504389,23.399999365210533,l2_flushed_graph,1,22.000400349497795,24.639999866485596,23.48553327222665,1.1167724353296853,21.43999934196472,True,3.3258120560337807,0.009889914798205716,True,True,False,,32e1e6d76,32e1e6d76,AMD Instinct MI350X,gfx950,7.2.0,6.14.14,2.9.1+rocm7.2.0.git7e1940d4,3.6.0,b6f71d585
topk_gating_softmax-7255fff8-20260602-160241,sha1:caa9e588ae89f9bd,Llama4-class,model_config,bf16,topk_gating_softmax,"{""num_experts"":64,""num_tokens"":512,""topk"":2}",aiter_triton,torch.softmax(dim=1) -> aiter.ops.triton.topk.topk (1-/2-stage Triton top-K) -> renorm,True,ok,29.200000688433647,cudagraph,21.91999927163124,-7.280001416802406,29.200000688433647,l2_flushed_graph,1,27.936000376939774,31.704600900411606,29.533666869004566,1.4338000163714335,27.600999921560287,True,2.665205416615853,0.007925479265199774,True,True,False,,32e1e6d76,32e1e6d76,AMD Instinct MI350X,gfx950,7.2.0,6.14.14,2.9.1+rocm7.2.0.git7e1940d4,3.6.0,b6f71d585
topk_gating_softmax-7255fff8-20260602-160241,sha1:caa9e588ae89f9bd,Llama4-class,model_config,bf16,topk_gating_softmax,"{""num_experts"":64,""num_tokens"":512,""topk"":2}",triton,,,not_configured,,,,,,,,,,,,,,,,False,False,False,"no standalone fused topk-gating-softmax Triton kernel (only aiter.ops.triton.topk, exposed as aiter_triton)",,,AMD Instinct MI350X,gfx950,7.2.0,6.14.14,2.9.1+rocm7.2.0.git7e1940d4,3.6.0,b6f71d585
topk_gating_softmax-7255fff8-20260602-160241,sha1:caa9e588ae89f9bd,Llama4-class,model_config,bf16,topk_gating_softmax,"{""num_experts"":64,""num_tokens"":512,""topk"":2}",aiter_ck,,,not_configured,,,,,,,,,,,,,,,,False,False,False,aiter MoE-topk gating is one C++/HIP kernel (use aiter); no separately-selectable CK topk-gating from Python,32e1e6d76,32e1e6d76,AMD Instinct MI350X,gfx950,7.2.0,6.14.14,2.9.1+rocm7.2.0.git7e1940d4,3.6.0,b6f71d585
topk_gating_softmax-7255fff8-20260602-160241,sha1:caa9e588ae89f9bd,Llama4-class,model_config,bf16,topk_gating_softmax,"{""num_experts"":64,""num_tokens"":512,""topk"":2}",aiter_asm,,,not_configured,,,,,,,,,,,,,,,,False,False,False,"aiter ASM topk paths (moe_fused_gate/biased_grouped_topk_hip) are grouped/biased routing, not plain softmax topk-gating-softmax",32e1e6d76,32e1e6d76,AMD Instinct MI350X,gfx950,7.2.0,6.14.14,2.9.1+rocm7.2.0.git7e1940d4,3.6.0,b6f71d585
topk_gating_softmax-7255fff8-20260602-160241,sha1:caa9e588ae89f9bd,Llama4-class,model_config,bf16,topk_gating_softmax,"{""num_experts"":64,""num_tokens"":512,""topk"":2}",ck,,,not_configured,,,,,,,,,,,,,,,,False,False,False,no standalone CK topk-gating-softmax adapter (CK topk is reached via aiter),,,AMD Instinct MI350X,gfx950,7.2.0,6.14.14,2.9.1+rocm7.2.0.git7e1940d4,3.6.0,b6f71d585
topk_gating_softmax-7255fff8-20260602-160241,sha1:caa9e588ae89f9bd,Llama4-class,model_config,bf16,topk_gating_softmax,"{""num_experts"":64,""num_tokens"":512,""topk"":2}",gluon,,,not_configured,,,,,,,,,,,,,,,,False,False,False,no Gluon topk-gating-softmax kernel,,,AMD Instinct MI350X,gfx950,7.2.0,6.14.14,2.9.1+rocm7.2.0.git7e1940d4,3.6.0,b6f71d585
topk_gating_softmax-7255fff8-20260602-160241,sha1:caa9e588ae89f9bd,Llama4-class,model_config,bf16,topk_gating_softmax,"{""num_experts"":64,""num_tokens"":512,""topk"":2}",hipblaslt,,,not_configured,,,,,,,,,,,,,,,,False,False,False,hipBLASLt is a GEMM library (no topk-gating-softmax op),,,AMD Instinct MI350X,gfx950,7.2.0,6.14.14,2.9.1+rocm7.2.0.git7e1940d4,3.6.0,b6f71d585
topk_gating_softmax-7255fff8-20260602-160241,sha1:02418a3471197492,Llama4-class,model_config,bf16,topk_gating_softmax,"{""num_experts"":64,""num_tokens"":2048,""topk"":2}",flydsl,"build_topk_gating_softmax_module(num_experts=64,topk=2,bf16,renormalize=True); fused softmax+topk+renorm, layout VPT=16 THREADS_PER_TOKEN=4",True,ok,13.399999588727951,cudagraph,62.66050040721893,49.26050081849098,13.399999588727951,l2_flushed_graph,1,13.112599961459637,14.487999863922596,13.661466538906097,0.8871393835617375,13.081000186502934,True,23.23104548912535,0.06908179316503064,False,False,False,,7255fff8,,AMD Instinct MI350X,gfx950,7.2.0,6.14.14,2.9.1+rocm7.2.0.git7e1940d4,3.6.0,b6f71d585
topk_gating_softmax-7255fff8-20260602-160241,sha1:02418a3471197492,Llama4-class,model_config,bf16,topk_gating_softmax,"{""num_experts"":64,""num_tokens"":2048,""topk"":2}",pytorch,torch.softmax(dim=1) -> torch.topk -> renorm (also the fp32 reference),True,ok,38.08100149035454,cudagraph,31.47999942302704,-6.601002067327499,38.08100149035454,l2_flushed_graph,1,37.048400938510895,44.66399997472763,40.35760015249252,6.268267615073564,36.91999986767769,False,8.174574927575042,0.024308604389894205,True,False,False,,,,AMD Instinct MI350X,gfx950,7.2.0,6.14.14,2.9.1+rocm7.2.0.git7e1940d4,3.6.0,b6f71d585
topk_gating_softmax-7255fff8-20260602-160241,sha1:02418a3471197492,Llama4-class,model_config,bf16,topk_gating_softmax,"{""num_experts"":64,""num_tokens"":2048,""topk"":2}",aiter,"aiter.topk_gating(score_func='softmax', need_renorm forced False); top-K softmax probs renormalized in adapter to match renorm reference",True,ok,22.679999470710754,cudagraph,14.639999717473984,-8.03999975323677,22.679999470710754,l2_flushed_graph,1,22.512000054121017,23.32799956202507,23.002866531411808,0.9080662519204765,22.32000045478344,True,13.72557351255725,0.04081552123470972,True,True,False,,32e1e6d76,32e1e6d76,AMD Instinct MI350X,gfx950,7.2.0,6.14.14,2.9.1+rocm7.2.0.git7e1940d4,3.6.0,b6f71d585
topk_gating_softmax-7255fff8-20260602-160241,sha1:02418a3471197492,Llama4-class,model_config,bf16,topk_gating_softmax,"{""num_experts"":64,""num_tokens"":2048,""topk"":2}",aiter_triton,torch.softmax(dim=1) -> aiter.ops.triton.topk.topk (1-/2-stage Triton top-K) -> renorm,True,ok,29.64000031352043,cudagraph,23.679999634623528,-5.960000678896904,29.64000031352043,l2_flushed_graph,1,29.440000653266907,30.6963998824358,29.949600001176197,0.7030853676738459,29.319999739527702,True,10.502563991472051,0.03123130871148268,True,True,False,,32e1e6d76,32e1e6d76,AMD Instinct MI350X,gfx950,7.2.0,6.14.14,2.9.1+rocm7.2.0.git7e1940d4,3.6.0,b6f71d585
topk_gating_softmax-7255fff8-20260602-160241,sha1:02418a3471197492,Llama4-class,model_config,bf16,topk_gating_softmax,"{""num_experts"":64,""num_tokens"":2048,""topk"":2}",triton,,,not_configured,,,,,,,,,,,,,,,,False,False,False,"no standalone fused topk-gating-softmax Triton kernel (only aiter.ops.triton.topk, exposed as aiter_triton)",,,AMD Instinct MI350X,gfx950,7.2.0,6.14.14,2.9.1+rocm7.2.0.git7e1940d4,3.6.0,b6f71d585
topk_gating_softmax-7255fff8-20260602-160241,sha1:02418a3471197492,Llama4-class,model_config,bf16,topk_gating_softmax,"{""num_experts"":64,""num_tokens"":2048,""topk"":2}",aiter_ck,,,not_configured,,,,,,,,,,,,,,,,False,False,False,aiter MoE-topk gating is one C++/HIP kernel (use aiter); no separately-selectable CK topk-gating from Python,32e1e6d76,32e1e6d76,AMD Instinct MI350X,gfx950,7.2.0,6.14.14,2.9.1+rocm7.2.0.git7e1940d4,3.6.0,b6f71d585
topk_gating_softmax-7255fff8-20260602-160241,sha1:02418a3471197492,Llama4-class,model_config,bf16,topk_gating_softmax,"{""num_experts"":64,""num_tokens"":2048,""topk"":2}",aiter_asm,,,not_configured,,,,,,,,,,,,,,,,False,False,False,"aiter ASM topk paths (moe_fused_gate/biased_grouped_topk_hip) are grouped/biased routing, not plain softmax topk-gating-softmax",32e1e6d76,32e1e6d76,AMD Instinct MI350X,gfx950,7.2.0,6.14.14,2.9.1+rocm7.2.0.git7e1940d4,3.6.0,b6f71d585
topk_gating_softmax-7255fff8-20260602-160241,sha1:02418a3471197492,Llama4-class,model_config,bf16,topk_gating_softmax,"{""num_experts"":64,""num_tokens"":2048,""topk"":2}",ck,,,not_configured,,,,,,,,,,,,,,,,False,False,False,no standalone CK topk-gating-softmax adapter (CK topk is reached via aiter),,,AMD Instinct MI350X,gfx950,7.2.0,6.14.14,2.9.1+rocm7.2.0.git7e1940d4,3.6.0,b6f71d585
topk_gating_softmax-7255fff8-20260602-160241,sha1:02418a3471197492,Llama4-class,model_config,bf16,topk_gating_softmax,"{""num_experts"":64,""num_tokens"":2048,""topk"":2}",gluon,,,not_configured,,,,,,,,,,,,,,,,False,False,False,no Gluon topk-gating-softmax kernel,,,AMD Instinct MI350X,gfx950,7.2.0,6.14.14,2.9.1+rocm7.2.0.git7e1940d4,3.6.0,b6f71d585
topk_gating_softmax-7255fff8-20260602-160241,sha1:02418a3471197492,Llama4-class,model_config,bf16,topk_gating_softmax,"{""num_experts"":64,""num_tokens"":2048,""topk"":2}",hipblaslt,,,not_configured,,,,,,,,,,,,,,,,False,False,False,hipBLASLt is a GEMM library (no topk-gating-softmax op),,,AMD Instinct MI350X,gfx950,7.2.0,6.14.14,2.9.1+rocm7.2.0.git7e1940d4,3.6.0,b6f71d585
topk_gating_softmax-7255fff8-20260602-160241,sha1:dd4f8eb9de4b0d85,Mixtral-8x7B,model_config,fp32,topk_gating_softmax,"{""num_experts"":8,""num_tokens"":256,""topk"":2}",flydsl,"build_topk_gating_softmax_module(num_experts=8,topk=2,f32,renormalize=True); fused softmax+topk+renorm, layout VPT=8 THREADS_PER_TOKEN=1",True,ok,13.120000250637531,cudagraph,60.77999994158745,47.65999969094992,13.120000250637531,l2_flushed_graph,1,12.97600008547306,14.592399820685387,13.517466622094313,1.093315196502507,12.919999659061432,True,1.0926829059552328,0.0011707316849520351,False,False,False,,7255fff8,,AMD Instinct MI350X,gfx950,7.2.0,6.14.14,2.9.1+rocm7.2.0.git7e1940d4,3.6.0,b6f71d585
topk_gating_softmax-7255fff8-20260602-160241,sha1:dd4f8eb9de4b0d85,Mixtral-8x7B,model_config,fp32,topk_gating_softmax,"{""num_experts"":8,""num_tokens"":256,""topk"":2}",pytorch,torch.softmax(dim=1) -> torch.topk -> renorm (also the fp32 reference),True,ok,31.039999797940254,cudagraph,25.0005004927516,-6.039499305188656,31.039999797940254,l2_flushed_graph,1,30.752399563789368,34.00040045380592,31.850933159391086,1.4867983340510114,30.60000017285347,True,0.46185567310961473,0.0004948453640460158,True,False,False,,,,AMD Instinct MI350X,gfx950,7.2.0,6.14.14,2.9.1+rocm7.2.0.git7e1940d4,3.6.0,b6f71d585
topk_gating_softmax-7255fff8-20260602-160241,sha1:dd4f8eb9de4b0d85,Mixtral-8x7B,model_config,fp32,topk_gating_softmax,"{""num_experts"":8,""num_tokens"":256,""topk"":2}",aiter,"aiter.topk_gating(score_func='softmax', need_renorm forced False); top-K softmax probs renormalized in adapter to match renorm reference",True,ok,24.560000747442245,cudagraph,13.460000045597553,-11.100000701844692,24.560000747442245,l2_flushed_graph,1,22.95999974012375,26.22400037944317,24.829600130518276,1.3338301322258888,22.5600004196167,True,0.5837133372845275,0.0006254071470905651,True,True,False,,32e1e6d76,32e1e6d76,AMD Instinct MI350X,gfx950,7.2.0,6.14.14,2.9.1+rocm7.2.0.git7e1940d4,3.6.0,b6f71d585
topk_gating_softmax-7255fff8-20260602-160241,sha1:dd4f8eb9de4b0d85,Mixtral-8x7B,model_config,fp32,topk_gating_softmax,"{""num_experts"":8,""num_tokens"":256,""topk"":2}",aiter_triton,torch.softmax(dim=1) -> aiter.ops.triton.topk.topk (1-/2-stage Triton top-K) -> renorm,True,ok,26.399999856948853,cudagraph,18.780499696731567,-7.619500160217285,26.399999856948853,l2_flushed_graph,1,26.01660080254078,28.624000772833824,26.976133634646732,1.1244442950877809,26.000000536441803,True,0.5430303059727692,0.0005818181849708243,True,True,False,,32e1e6d76,32e1e6d76,AMD Instinct MI350X,gfx950,7.2.0,6.14.14,2.9.1+rocm7.2.0.git7e1940d4,3.6.0,b6f71d585
topk_gating_softmax-7255fff8-20260602-160241,sha1:dd4f8eb9de4b0d85,Mixtral-8x7B,model_config,fp32,topk_gating_softmax,"{""num_experts"":8,""num_tokens"":256,""topk"":2}",triton,,,not_configured,,,,,,,,,,,,,,,,False,False,False,"no standalone fused topk-gating-softmax Triton kernel (only aiter.ops.triton.topk, exposed as aiter_triton)",,,AMD Instinct MI350X,gfx950,7.2.0,6.14.14,2.9.1+rocm7.2.0.git7e1940d4,3.6.0,b6f71d585
topk_gating_softmax-7255fff8-20260602-160241,sha1:dd4f8eb9de4b0d85,Mixtral-8x7B,model_config,fp32,topk_gating_softmax,"{""num_experts"":8,""num_tokens"":256,""topk"":2}",aiter_ck,,,not_configured,,,,,,,,,,,,,,,,False,False,False,aiter MoE-topk gating is one C++/HIP kernel (use aiter); no separately-selectable CK topk-gating from Python,32e1e6d76,32e1e6d76,AMD Instinct MI350X,gfx950,7.2.0,6.14.14,2.9.1+rocm7.2.0.git7e1940d4,3.6.0,b6f71d585
topk_gating_softmax-7255fff8-20260602-160241,sha1:dd4f8eb9de4b0d85,Mixtral-8x7B,model_config,fp32,topk_gating_softmax,"{""num_experts"":8,""num_tokens"":256,""topk"":2}",aiter_asm,,,not_configured,,,,,,,,,,,,,,,,False,False,False,"aiter ASM topk paths (moe_fused_gate/biased_grouped_topk_hip) are grouped/biased routing, not plain softmax topk-gating-softmax",32e1e6d76,32e1e6d76,AMD Instinct MI350X,gfx950,7.2.0,6.14.14,2.9.1+rocm7.2.0.git7e1940d4,3.6.0,b6f71d585
topk_gating_softmax-7255fff8-20260602-160241,sha1:dd4f8eb9de4b0d85,Mixtral-8x7B,model_config,fp32,topk_gating_softmax,"{""num_experts"":8,""num_tokens"":256,""topk"":2}",ck,,,not_configured,,,,,,,,,,,,,,,,False,False,False,no standalone CK topk-gating-softmax adapter (CK topk is reached via aiter),,,AMD Instinct MI350X,gfx950,7.2.0,6.14.14,2.9.1+rocm7.2.0.git7e1940d4,3.6.0,b6f71d585
topk_gating_softmax-7255fff8-20260602-160241,sha1:dd4f8eb9de4b0d85,Mixtral-8x7B,model_config,fp32,topk_gating_softmax,"{""num_experts"":8,""num_tokens"":256,""topk"":2}",gluon,,,not_configured,,,,,,,,,,,,,,,,False,False,False,no Gluon topk-gating-softmax kernel,,,AMD Instinct MI350X,gfx950,7.2.0,6.14.14,2.9.1+rocm7.2.0.git7e1940d4,3.6.0,b6f71d585
topk_gating_softmax-7255fff8-20260602-160241,sha1:dd4f8eb9de4b0d85,Mixtral-8x7B,model_config,fp32,topk_gating_softmax,"{""num_experts"":8,""num_tokens"":256,""topk"":2}",hipblaslt,,,not_configured,,,,,,,,,,,,,,,,False,False,False,hipBLASLt is a GEMM library (no topk-gating-softmax op),,,AMD Instinct MI350X,gfx950,7.2.0,6.14.14,2.9.1+rocm7.2.0.git7e1940d4,3.6.0,b6f71d585
topk_gating_softmax-7255fff8-20260602-160241,sha1:1f55e462fc6f5095,Mixtral-8x7B,model_config,bf16,topk_gating_softmax,"{""num_experts"":8,""num_tokens"":2048,""topk"":2}",flydsl,"build_topk_gating_softmax_module(num_experts=8,topk=2,bf16,renormalize=True); fused softmax+topk+renorm, layout VPT=8 THREADS_PER_TOKEN=1",True,ok,13.199999928474426,cudagraph,62.139999121427536,48.93999919295311,13.199999928474426,l2_flushed_graph,1,13.079999946057796,13.768000155687332,13.330733341475328,0.34667499329598006,13.000000268220901,True,6.206060639688792,0.009309090959533188,False,False,False,,7255fff8,,AMD Instinct MI350X,gfx950,7.2.0,6.14.14,2.9.1+rocm7.2.0.git7e1940d4,3.6.0,b6f71d585
topk_gating_softmax-7255fff8-20260602-160241,sha1:1f55e462fc6f5095,Mixtral-8x7B,model_config,bf16,topk_gating_softmax,"{""num_experts"":8,""num_tokens"":2048,""topk"":2}",pytorch,torch.softmax(dim=1) -> torch.topk -> renorm (also the fp32 reference),True,ok,36.20000183582306,cudagraph,29.680000618100166,-6.520001217722893,36.20000183582306,l2_flushed_graph,1,35.79200059175491,38.60799968242645,36.65893326203028,1.1276828745605751,35.0009985268116,True,2.262983310650913,0.00339447496597637,True,False,False,,,,AMD Instinct MI350X,gfx950,7.2.0,6.14.14,2.9.1+rocm7.2.0.git7e1940d4,3.6.0,b6f71d585
topk_gating_softmax-7255fff8-20260602-160241,sha1:1f55e462fc6f5095,Mixtral-8x7B,model_config,bf16,topk_gating_softmax,"{""num_experts"":8,""num_tokens"":2048,""topk"":2}",aiter,"aiter.topk_gating(score_func='softmax', need_renorm forced False); top-K softmax probs renormalized in adapter to match renorm reference",True,ok,22.80000038444996,cudagraph,14.519999735057354,-8.280000649392605,22.80000038444996,l2_flushed_graph,1,22.296400368213654,25.072599947452545,23.27226685980956,1.1993260679238118,22.280000150203705,True,3.5929823955560556,0.005389473593334084,True,True,False,,32e1e6d76,32e1e6d76,AMD Instinct MI350X,gfx950,7.2.0,6.14.14,2.9.1+rocm7.2.0.git7e1940d4,3.6.0,b6f71d585
topk_gating_softmax-7255fff8-20260602-160241,sha1:1f55e462fc6f5095,Mixtral-8x7B,model_config,bf16,topk_gating_softmax,"{""num_experts"":8,""num_tokens"":2048,""topk"":2}",aiter_triton,torch.softmax(dim=1) -> aiter.ops.triton.topk.topk (1-/2-stage Triton top-K) -> renorm,True,ok,29.239999130368233,cudagraph,22.95999974012375,-6.279999390244484,29.239999130368233,l2_flushed_graph,1,28.999999165534973,30.903998762369156,29.560266186793644,0.8162709816207411,28.960999101400375,True,2.801641670191402,0.0042024625052871035,True,True,False,,32e1e6d76,32e1e6d76,AMD Instinct MI350X,gfx950,7.2.0,6.14.14,2.9.1+rocm7.2.0.git7e1940d4,3.6.0,b6f71d585
topk_gating_softmax-7255fff8-20260602-160241,sha1:1f55e462fc6f5095,Mixtral-8x7B,model_config,bf16,topk_gating_softmax,"{""num_experts"":8,""num_tokens"":2048,""topk"":2}",triton,,,not_configured,,,,,,,,,,,,,,,,False,False,False,"no standalone fused topk-gating-softmax Triton kernel (only aiter.ops.triton.topk, exposed as aiter_triton)",,,AMD Instinct MI350X,gfx950,7.2.0,6.14.14,2.9.1+rocm7.2.0.git7e1940d4,3.6.0,b6f71d585
topk_gating_softmax-7255fff8-20260602-160241,sha1:1f55e462fc6f5095,Mixtral-8x7B,model_config,bf16,topk_gating_softmax,"{""num_experts"":8,""num_tokens"":2048,""topk"":2}",aiter_ck,,,not_configured,,,,,,,,,,,,,,,,False,False,False,aiter MoE-topk gating is one C++/HIP kernel (use aiter); no separately-selectable CK topk-gating from Python,32e1e6d76,32e1e6d76,AMD Instinct MI350X,gfx950,7.2.0,6.14.14,2.9.1+rocm7.2.0.git7e1940d4,3.6.0,b6f71d585
topk_gating_softmax-7255fff8-20260602-160241,sha1:1f55e462fc6f5095,Mixtral-8x7B,model_config,bf16,topk_gating_softmax,"{""num_experts"":8,""num_tokens"":2048,""topk"":2}",aiter_asm,,,not_configured,,,,,,,,,,,,,,,,False,False,False,"aiter ASM topk paths (moe_fused_gate/biased_grouped_topk_hip) are grouped/biased routing, not plain softmax topk-gating-softmax",32e1e6d76,32e1e6d76,AMD Instinct MI350X,gfx950,7.2.0,6.14.14,2.9.1+rocm7.2.0.git7e1940d4,3.6.0,b6f71d585
topk_gating_softmax-7255fff8-20260602-160241,sha1:1f55e462fc6f5095,Mixtral-8x7B,model_config,bf16,topk_gating_softmax,"{""num_experts"":8,""num_tokens"":2048,""topk"":2}",ck,,,not_configured,,,,,,,,,,,,,,,,False,False,False,no standalone CK topk-gating-softmax adapter (CK topk is reached via aiter),,,AMD Instinct MI350X,gfx950,7.2.0,6.14.14,2.9.1+rocm7.2.0.git7e1940d4,3.6.0,b6f71d585
topk_gating_softmax-7255fff8-20260602-160241,sha1:1f55e462fc6f5095,Mixtral-8x7B,model_config,bf16,topk_gating_softmax,"{""num_experts"":8,""num_tokens"":2048,""topk"":2}",gluon,,,not_configured,,,,,,,,,,,,,,,,False,False,False,no Gluon topk-gating-softmax kernel,,,AMD Instinct MI350X,gfx950,7.2.0,6.14.14,2.9.1+rocm7.2.0.git7e1940d4,3.6.0,b6f71d585
topk_gating_softmax-7255fff8-20260602-160241,sha1:1f55e462fc6f5095,Mixtral-8x7B,model_config,bf16,topk_gating_softmax,"{""num_experts"":8,""num_tokens"":2048,""topk"":2}",hipblaslt,,,not_configured,,,,,,,,,,,,,,,,False,False,False,hipBLASLt is a GEMM library (no topk-gating-softmax op),,,AMD Instinct MI350X,gfx950,7.2.0,6.14.14,2.9.1+rocm7.2.0.git7e1940d4,3.6.0,b6f71d585
topk_gating_softmax-7255fff8-20260602-160241,sha1:3bc1d2b8c02a187c,DeepSeek-R1,model_config,fp16,topk_gating_softmax,"{""num_experts"":256,""num_tokens"":2048,""topk"":8}",flydsl,"build_topk_gating_softmax_module(num_experts=256,topk=8,f16,renormalize=True); fused softmax+topk+renorm, layout VPT=16 THREADS_PER_TOKEN=16",True,ok,16.720000654459,cudagraph,59.90000069141388,43.18000003695488,16.720000654459,l2_flushed_graph,1,16.656000167131424,16.944000497460365,16.893466810385387,0.5087867072788493,16.600999981164932,True,74.4727243576947,0.4095999839673208,False,False,False,,7255fff8,,AMD Instinct MI350X,gfx950,7.2.0,6.14.14,2.9.1+rocm7.2.0.git7e1940d4,3.6.0,b6f71d585
topk_gating_softmax-7255fff8-20260602-160241,sha1:3bc1d2b8c02a187c,DeepSeek-R1,model_config,fp16,topk_gating_softmax,"{""num_experts"":256,""num_tokens"":2048,""topk"":8}",pytorch,torch.softmax(dim=1) -> torch.topk -> renorm (also the fp32 reference),True,ok,43.28100010752678,cudagraph,38.040000945329666,-5.240999162197113,43.28100010752678,l2_flushed_graph,1,42.968399822711945,44.56859901547432,43.58966673413912,0.798451962998457,42.7200011909008,True,28.76976033147294,0.15823368182310119,True,False,False,,,,AMD Instinct MI350X,gfx950,7.2.0,6.14.14,2.9.1+rocm7.2.0.git7e1940d4,3.6.0,b6f71d585
topk_gating_softmax-7255fff8-20260602-160241,sha1:3bc1d2b8c02a187c,DeepSeek-R1,model_config,fp16,topk_gating_softmax,"{""num_experts"":256,""num_tokens"":2048,""topk"":8}",aiter,"aiter.topk_gating(score_func='softmax', need_renorm forced False); top-K softmax probs renormalized in adapter to match renorm reference",True,ok,25.56000091135502,cudagraph,17.400499433279037,-8.159501478075981,25.56000091135502,l2_flushed_graph,1,25.016600638628006,27.488000690937042,25.802866866191227,1.1349867479416205,25.00000037252903,True,48.71611719883889,0.2679386445936139,True,True,False,,32e1e6d76,32e1e6d76,AMD Instinct MI350X,gfx950,7.2.0,6.14.14,2.9.1+rocm7.2.0.git7e1940d4,3.6.0,b6f71d585
topk_gating_softmax-7255fff8-20260602-160241,sha1:3bc1d2b8c02a187c,DeepSeek-R1,model_config,fp16,topk_gating_softmax,"{""num_experts"":256,""num_tokens"":2048,""topk"":8}",aiter_triton,torch.softmax(dim=1) -> aiter.ops.triton.topk.topk (1-/2-stage Triton top-K) -> renorm,True,ok,40.0799997150898,cudagraph,34.2399999499321,-5.8399997651577,40.0799997150898,l2_flushed_graph,1,39.776599407196045,41.216399520635605,40.36586657166481,0.769108822429777,39.72100093960762,True,31.067465290704536,0.17087105909887493,True,True,False,,32e1e6d76,32e1e6d76,AMD Instinct MI350X,gfx950,7.2.0,6.14.14,2.9.1+rocm7.2.0.git7e1940d4,3.6.0,b6f71d585
topk_gating_softmax-7255fff8-20260602-160241,sha1:3bc1d2b8c02a187c,DeepSeek-R1,model_config,fp16,topk_gating_softmax,"{""num_experts"":256,""num_tokens"":2048,""topk"":8}",triton,,,not_configured,,,,,,,,,,,,,,,,False,False,False,"no standalone fused topk-gating-softmax Triton kernel (only aiter.ops.triton.topk, exposed as aiter_triton)",,,AMD Instinct MI350X,gfx950,7.2.0,6.14.14,2.9.1+rocm7.2.0.git7e1940d4,3.6.0,b6f71d585
topk_gating_softmax-7255fff8-20260602-160241,sha1:3bc1d2b8c02a187c,DeepSeek-R1,model_config,fp16,topk_gating_softmax,"{""num_experts"":256,""num_tokens"":2048,""topk"":8}",aiter_ck,,,not_configured,,,,,,,,,,,,,,,,False,False,False,aiter MoE-topk gating is one C++/HIP kernel (use aiter); no separately-selectable CK topk-gating from Python,32e1e6d76,32e1e6d76,AMD Instinct MI350X,gfx950,7.2.0,6.14.14,2.9.1+rocm7.2.0.git7e1940d4,3.6.0,b6f71d585
topk_gating_softmax-7255fff8-20260602-160241,sha1:3bc1d2b8c02a187c,DeepSeek-R1,model_config,fp16,topk_gating_softmax,"{""num_experts"":256,""num_tokens"":2048,""topk"":8}",aiter_asm,,,not_configured,,,,,,,,,,,,,,,,False,False,False,"aiter ASM topk paths (moe_fused_gate/biased_grouped_topk_hip) are grouped/biased routing, not plain softmax topk-gating-softmax",32e1e6d76,32e1e6d76,AMD Instinct MI350X,gfx950,7.2.0,6.14.14,2.9.1+rocm7.2.0.git7e1940d4,3.6.0,b6f71d585
topk_gating_softmax-7255fff8-20260602-160241,sha1:3bc1d2b8c02a187c,DeepSeek-R1,model_config,fp16,topk_gating_softmax,"{""num_experts"":256,""num_tokens"":2048,""topk"":8}",ck,,,not_configured,,,,,,,,,,,,,,,,False,False,False,no standalone CK topk-gating-softmax adapter (CK topk is reached via aiter),,,AMD Instinct MI350X,gfx950,7.2.0,6.14.14,2.9.1+rocm7.2.0.git7e1940d4,3.6.0,b6f71d585
topk_gating_softmax-7255fff8-20260602-160241,sha1:3bc1d2b8c02a187c,DeepSeek-R1,model_config,fp16,topk_gating_softmax,"{""num_experts"":256,""num_tokens"":2048,""topk"":8}",gluon,,,not_configured,,,,,,,,,,,,,,,,False,False,False,no Gluon topk-gating-softmax kernel,,,AMD Instinct MI350X,gfx950,7.2.0,6.14.14,2.9.1+rocm7.2.0.git7e1940d4,3.6.0,b6f71d585
topk_gating_softmax-7255fff8-20260602-160241,sha1:3bc1d2b8c02a187c,DeepSeek-R1,model_config,fp16,topk_gating_softmax,"{""num_experts"":256,""num_tokens"":2048,""topk"":8}",hipblaslt,,,not_configured,,,,,,,,,,,,,,,,False,False,False,hipBLASLt is a GEMM library (no topk-gating-softmax op),,,AMD Instinct MI350X,gfx950,7.2.0,6.14.14,2.9.1+rocm7.2.0.git7e1940d4,3.6.0,b6f71d585
topk_gating_softmax-7255fff8-20260602-160241,sha1:442c0f9486760c1d,DeepSeek-R1,model_config,fp32,topk_gating_softmax,"{""num_experts"":256,""num_tokens"":2048,""topk"":8}",flydsl,"build_topk_gating_softmax_module(num_experts=256,topk=8,f32,renormalize=True); fused softmax+topk+renorm, layout VPT=16 THREADS_PER_TOKEN=16",True,ok,16.79999940097332,cudagraph,60.68049930036068,43.88049989938736,16.79999940097332,l2_flushed_graph,1,16.528000310063362,17.111999914050102,16.970800111691158,0.6937596216087303,16.40000008046627,True,136.53333820161382,0.40764953834481843,False,False,False,,7255fff8,,AMD Instinct MI350X,gfx950,7.2.0,6.14.14,2.9.1+rocm7.2.0.git7e1940d4,3.6.0,b6f71d585
topk_gating_softmax-7255fff8-20260602-160241,sha1:442c0f9486760c1d,DeepSeek-R1,model_config,fp32,topk_gating_softmax,"{""num_experts"":256,""num_tokens"":2048,""topk"":8}",pytorch,torch.softmax(dim=1) -> torch.topk -> renorm (also the fp32 reference),True,ok,39.56000134348869,cudagraph,33.959999680519104,-5.600001662969589,39.56000134348869,l2_flushed_graph,1,39.040400087833405,39.784399420022964,39.62699994444847,0.8592411097369785,38.84100168943405,True,57.981797828668114,0.17311708208845195,True,False,False,,,,AMD Instinct MI350X,gfx950,7.2.0,6.14.14,2.9.1+rocm7.2.0.git7e1940d4,3.6.0,b6f71d585
topk_gating_softmax-7255fff8-20260602-160241,sha1:442c0f9486760c1d,DeepSeek-R1,model_config,fp32,topk_gating_softmax,"{""num_experts"":256,""num_tokens"":2048,""topk"":8}",aiter,"aiter.topk_gating(score_func='softmax', need_renorm forced False); top-K softmax probs renormalized in adapter to match renorm reference",True,ok,25.919999927282333,cudagraph,17.45999976992607,-8.460000157356262,25.919999927282333,l2_flushed_graph,1,25.376000627875328,27.47199945151806,26.149466757973034,0.9465873103198678,24.960000067949295,True,88.49382740876021,0.2642172846918698,True,True,False,,32e1e6d76,32e1e6d76,AMD Instinct MI350X,gfx950,7.2.0,6.14.14,2.9.1+rocm7.2.0.git7e1940d4,3.6.0,b6f71d585
topk_gating_softmax-7255fff8-20260602-160241,sha1:442c0f9486760c1d,DeepSeek-R1,model_config,fp32,topk_gating_softmax,"{""num_experts"":256,""num_tokens"":2048,""topk"":8}",aiter_triton,torch.softmax(dim=1) -> aiter.ops.triton.topk.topk (1-/2-stage Triton top-K) -> renorm,True,ok,36.52000054717064,cudagraph,30.160500667989254,-6.359499879181385,36.52000054717064,l2_flushed_graph,1,36.240000277757645,37.671999633312225,36.848267167806625,0.898794099344113,36.240000277757645,True,62.80832326487212,0.1875277080336896,True,True,False,,32e1e6d76,32e1e6d76,AMD Instinct MI350X,gfx950,7.2.0,6.14.14,2.9.1+rocm7.2.0.git7e1940d4,3.6.0,b6f71d585
topk_gating_softmax-7255fff8-20260602-160241,sha1:442c0f9486760c1d,DeepSeek-R1,model_config,fp32,topk_gating_softmax,"{""num_experts"":256,""num_tokens"":2048,""topk"":8}",triton,,,not_configured,,,,,,,,,,,,,,,,False,False,False,"no standalone fused topk-gating-softmax Triton kernel (only aiter.ops.triton.topk, exposed as aiter_triton)",,,AMD Instinct MI350X,gfx950,7.2.0,6.14.14,2.9.1+rocm7.2.0.git7e1940d4,3.6.0,b6f71d585
topk_gating_softmax-7255fff8-20260602-160241,sha1:442c0f9486760c1d,DeepSeek-R1,model_config,fp32,topk_gating_softmax,"{""num_experts"":256,""num_tokens"":2048,""topk"":8}",aiter_ck,,,not_configured,,,,,,,,,,,,,,,,False,False,False,aiter MoE-topk gating is one C++/HIP kernel (use aiter); no separately-selectable CK topk-gating from Python,32e1e6d76,32e1e6d76,AMD Instinct MI350X,gfx950,7.2.0,6.14.14,2.9.1+rocm7.2.0.git7e1940d4,3.6.0,b6f71d585
topk_gating_softmax-7255fff8-20260602-160241,sha1:442c0f9486760c1d,DeepSeek-R1,model_config,fp32,topk_gating_softmax,"{""num_experts"":256,""num_tokens"":2048,""topk"":8}",aiter_asm,,,not_configured,,,,,,,,,,,,,,,,False,False,False,"aiter ASM topk paths (moe_fused_gate/biased_grouped_topk_hip) are grouped/biased routing, not plain softmax topk-gating-softmax",32e1e6d76,32e1e6d76,AMD Instinct MI350X,gfx950,7.2.0,6.14.14,2.9.1+rocm7.2.0.git7e1940d4,3.6.0,b6f71d585
topk_gating_softmax-7255fff8-20260602-160241,sha1:442c0f9486760c1d,DeepSeek-R1,model_config,fp32,topk_gating_softmax,"{""num_experts"":256,""num_tokens"":2048,""topk"":8}",ck,,,not_configured,,,,,,,,,,,,,,,,False,False,False,no standalone CK topk-gating-softmax adapter (CK topk is reached via aiter),,,AMD Instinct MI350X,gfx950,7.2.0,6.14.14,2.9.1+rocm7.2.0.git7e1940d4,3.6.0,b6f71d585
topk_gating_softmax-7255fff8-20260602-160241,sha1:442c0f9486760c1d,DeepSeek-R1,model_config,fp32,topk_gating_softmax,"{""num_experts"":256,""num_tokens"":2048,""topk"":8}",gluon,,,not_configured,,,,,,,,,,,,,,,,False,False,False,no Gluon topk-gating-softmax kernel,,,AMD Instinct MI350X,gfx950,7.2.0,6.14.14,2.9.1+rocm7.2.0.git7e1940d4,3.6.0,b6f71d585
topk_gating_softmax-7255fff8-20260602-160241,sha1:442c0f9486760c1d,DeepSeek-R1,model_config,fp32,topk_gating_softmax,"{""num_experts"":256,""num_tokens"":2048,""topk"":8}",hipblaslt,,,not_configured,,,,,,,,,,,,,,,,False,False,False,hipBLASLt is a GEMM library (no topk-gating-softmax op),,,AMD Instinct MI350X,gfx950,7.2.0,6.14.14,2.9.1+rocm7.2.0.git7e1940d4,3.6.0,b6f71d585
