"Kind","Agent_Id","Queue_Id","Stream_Id","Thread_Id","Dispatch_Id","Kernel_Id","Kernel_Name","Correlation_Id","Start_Timestamp","End_Timestamp","LDS_Block_Size","Scratch_Size","VGPR_Count","Accum_VGPR_Count","SGPR_Count","Workgroup_Size_X","Workgroup_Size_Y","Workgroup_Size_Z","Grid_Size_X","Grid_Size_Y","Grid_Size_Z"
"KERNEL_DISPATCH","Agent 2",1,0,647714,1,10,"void at::native::(anonymous namespace)::distribution_elementwise_grid_stride_kernel<float, 4, at::native::templates::cuda::uniform_and_transform<c10::BFloat16, float, at::CUDAGeneratorImpl*, at::native::templates::cuda::uniform_kernel<at::CUDAGeneratorImpl*>(at::TensorIteratorBase&, double, double, at::CUDAGeneratorImpl*)::{lambda()#1}::operator()() const::{lambda()#4}::operator()() const::{lambda(float)#1}>(at::TensorIteratorBase&, at::CUDAGeneratorImpl*, at::native::templates::cuda::uniform_kernel<at::CUDAGeneratorImpl*>(at::TensorIteratorBase&, double, double, at::CUDAGeneratorImpl*)::{lambda()#1}::operator()() const::{lambda()#4}::operator()() const::{lambda(float)#1})::{lambda(hiprandStatePhilox4_32_10*)#2}, at::native::(anonymous namespace)::distribution_nullary_kernel<c10::BFloat16, float, HIP_vector_type<float, 4u>, at::CUDAGeneratorImpl*, at::native::templates::cuda::uniform_and_transform<c10::BFloat16, float, at::CUDAGeneratorImpl*, at::native::templates::cuda::uniform_kernel<at::CUDAGeneratorImpl*>(at::TensorIteratorBase&, double, double, at::CUDAGeneratorImpl*)::{lambda()#1}::operator()() const::{lambda()#4}::operator()() const::{lambda(float)#1}>(at::TensorIteratorBase&, at::CUDAGeneratorImpl*, at::native::templates::cuda::uniform_kernel<at::CUDAGeneratorImpl*>(at::TensorIteratorBase&, double, double, at::CUDAGeneratorImpl*)::{lambda()#1}::operator()() const::{lambda()#4}::operator()() const::{lambda(float)#1})::{lambda(hiprandStatePhilox4_32_10*)#2}, at::native::templates::cuda::uniform_kernel<at::CUDAGeneratorImpl*>(at::TensorIteratorBase&, double, double, at::CUDAGeneratorImpl*)::{lambda()#1}::operator()() const::{lambda()#4}::operator()() const::{lambda(float)#1}>(at::TensorIteratorBase&, at::CUDAGeneratorImpl*, at::native::templates::cuda::uniform_and_transform<c10::BFloat16, float, at::CUDAGeneratorImpl*, at::native::templates::cuda::uniform_kernel<at::CUDAGeneratorImpl*>(at::TensorIteratorBase&, double, double, at::CUDAGeneratorImpl*)::{lambda()#1}::operator()() const::{lambda()#4}::operator()() const::{lambda(float)#1}>(at::TensorIteratorBase&, at::CUDAGeneratorImpl*, at::native::templates::cuda::uniform_kernel<at::CUDAGeneratorImpl*>(at::TensorIteratorBase&, double, double, at::CUDAGeneratorImpl*)::{lambda()#1}::operator()() const::{lambda()#4}::operator()() const::{lambda(float)#1})::{lambda(hiprandStatePhilox4_32_10*)#2} const&, at::native::templates::cuda::uniform_kernel<at::CUDAGeneratorImpl*>(at::TensorIteratorBase&, double, double, at::CUDAGeneratorImpl*)::{lambda()#1}::operator()() const::{lambda()#4}::operator()() const::{lambda(float)#1})::{lambda(int, float)#1}>(long, at::PhiloxCudaState, at::native::templates::cuda::uniform_and_transform<c10::BFloat16, float, at::CUDAGeneratorImpl*, at::native::templates::cuda::uniform_kernel<at::CUDAGeneratorImpl*>(at::TensorIteratorBase&, double, double, at::CUDAGeneratorImpl*)::{lambda()#1}::operator()() const::{lambda()#4}::operator()() const::{lambda(float)#1}>(at::TensorIteratorBase&, at::CUDAGeneratorImpl*, at::native::templates::cuda::uniform_kernel<at::CUDAGeneratorImpl*>(at::TensorIteratorBase&, double, double, at::CUDAGeneratorImpl*)::{lambda()#1}::operator()() const::{lambda()#4}::operator()() const::{lambda(float)#1})::{lambda(hiprandStatePhilox4_32_10*)#2}, at::native::(anonymous namespace)::distribution_nullary_kernel<c10::BFloat16, float, HIP_vector_type<float, 4u>, at::CUDAGeneratorImpl*, at::native::templates::cuda::uniform_and_transform<c10::BFloat16, float, at::CUDAGeneratorImpl*, at::native::templates::cuda::uniform_kernel<at::CUDAGeneratorImpl*>(at::TensorIteratorBase&, double, double, at::CUDAGeneratorImpl*)::{lambda()#1}::operator()() const::{lambda()#4}::operator()() const::{lambda(float)#1}>(at::TensorIteratorBase&, at::CUDAGeneratorImpl*, at::native::templates::cuda::uniform_kernel<at::CUDAGeneratorImpl*>(at::TensorIteratorBase&, double, double, at::CUDAGeneratorImpl*)::{lambda()#1}::operator()() const::{lambda()#4}::operator()() const::{lambda(float)#1})::{lambda(hiprandStatePhilox4_32_10*)#2}, at::native::templates::cuda::uniform_kernel<at::CUDAGeneratorImpl*>(at::TensorIteratorBase&, double, double, at::CUDAGeneratorImpl*)::{lambda()#1}::operator()() const::{lambda()#4}::operator()() const::{lambda(float)#1}>(at::TensorIteratorBase&, at::CUDAGeneratorImpl*, at::native::templates::cuda::uniform_and_transform<c10::BFloat16, float, at::CUDAGeneratorImpl*, at::native::templates::cuda::uniform_kernel<at::CUDAGeneratorImpl*>(at::TensorIteratorBase&, double, double, at::CUDAGeneratorImpl*)::{lambda()#1}::operator()() const::{lambda()#4}::operator()() const::{lambda(float)#1}>(at::TensorIteratorBase&, at::CUDAGeneratorImpl*, at::native::templates::cuda::uniform_kernel<at::CUDAGeneratorImpl*>(at::TensorIteratorBase&, double, double, at::CUDAGeneratorImpl*)::{lambda()#1}::operator()() const::{lambda()#4}::operator()() const::{lambda(float)#1})::{lambda(hiprandStatePhilox4_32_10*)#2} const&, at::native::templates::cuda::uniform_kernel<at::CUDAGeneratorImpl*>(at::TensorIteratorBase&, double, double, at::CUDAGeneratorImpl*)::{lambda()#1}::operator()() const::{lambda()#4}::operator()() const::{lambda(float)#1})::{lambda(int, float)#1})",1,2012407553488380,2012407553506340,0,0,32,0,48,256,1,1,524288,1,1
"KERNEL_DISPATCH","Agent 2",1,0,647714,2,10,"void at::native::(anonymous namespace)::distribution_elementwise_grid_stride_kernel<float, 4, at::native::templates::cuda::uniform_and_transform<c10::BFloat16, float, at::CUDAGeneratorImpl*, at::native::templates::cuda::uniform_kernel<at::CUDAGeneratorImpl*>(at::TensorIteratorBase&, double, double, at::CUDAGeneratorImpl*)::{lambda()#1}::operator()() const::{lambda()#4}::operator()() const::{lambda(float)#1}>(at::TensorIteratorBase&, at::CUDAGeneratorImpl*, at::native::templates::cuda::uniform_kernel<at::CUDAGeneratorImpl*>(at::TensorIteratorBase&, double, double, at::CUDAGeneratorImpl*)::{lambda()#1}::operator()() const::{lambda()#4}::operator()() const::{lambda(float)#1})::{lambda(hiprandStatePhilox4_32_10*)#2}, at::native::(anonymous namespace)::distribution_nullary_kernel<c10::BFloat16, float, HIP_vector_type<float, 4u>, at::CUDAGeneratorImpl*, at::native::templates::cuda::uniform_and_transform<c10::BFloat16, float, at::CUDAGeneratorImpl*, at::native::templates::cuda::uniform_kernel<at::CUDAGeneratorImpl*>(at::TensorIteratorBase&, double, double, at::CUDAGeneratorImpl*)::{lambda()#1}::operator()() const::{lambda()#4}::operator()() const::{lambda(float)#1}>(at::TensorIteratorBase&, at::CUDAGeneratorImpl*, at::native::templates::cuda::uniform_kernel<at::CUDAGeneratorImpl*>(at::TensorIteratorBase&, double, double, at::CUDAGeneratorImpl*)::{lambda()#1}::operator()() const::{lambda()#4}::operator()() const::{lambda(float)#1})::{lambda(hiprandStatePhilox4_32_10*)#2}, at::native::templates::cuda::uniform_kernel<at::CUDAGeneratorImpl*>(at::TensorIteratorBase&, double, double, at::CUDAGeneratorImpl*)::{lambda()#1}::operator()() const::{lambda()#4}::operator()() const::{lambda(float)#1}>(at::TensorIteratorBase&, at::CUDAGeneratorImpl*, at::native::templates::cuda::uniform_and_transform<c10::BFloat16, float, at::CUDAGeneratorImpl*, at::native::templates::cuda::uniform_kernel<at::CUDAGeneratorImpl*>(at::TensorIteratorBase&, double, double, at::CUDAGeneratorImpl*)::{lambda()#1}::operator()() const::{lambda()#4}::operator()() const::{lambda(float)#1}>(at::TensorIteratorBase&, at::CUDAGeneratorImpl*, at::native::templates::cuda::uniform_kernel<at::CUDAGeneratorImpl*>(at::TensorIteratorBase&, double, double, at::CUDAGeneratorImpl*)::{lambda()#1}::operator()() const::{lambda()#4}::operator()() const::{lambda(float)#1})::{lambda(hiprandStatePhilox4_32_10*)#2} const&, at::native::templates::cuda::uniform_kernel<at::CUDAGeneratorImpl*>(at::TensorIteratorBase&, double, double, at::CUDAGeneratorImpl*)::{lambda()#1}::operator()() const::{lambda()#4}::operator()() const::{lambda(float)#1})::{lambda(int, float)#1}>(long, at::PhiloxCudaState, at::native::templates::cuda::uniform_and_transform<c10::BFloat16, float, at::CUDAGeneratorImpl*, at::native::templates::cuda::uniform_kernel<at::CUDAGeneratorImpl*>(at::TensorIteratorBase&, double, double, at::CUDAGeneratorImpl*)::{lambda()#1}::operator()() const::{lambda()#4}::operator()() const::{lambda(float)#1}>(at::TensorIteratorBase&, at::CUDAGeneratorImpl*, at::native::templates::cuda::uniform_kernel<at::CUDAGeneratorImpl*>(at::TensorIteratorBase&, double, double, at::CUDAGeneratorImpl*)::{lambda()#1}::operator()() const::{lambda()#4}::operator()() const::{lambda(float)#1})::{lambda(hiprandStatePhilox4_32_10*)#2}, at::native::(anonymous namespace)::distribution_nullary_kernel<c10::BFloat16, float, HIP_vector_type<float, 4u>, at::CUDAGeneratorImpl*, at::native::templates::cuda::uniform_and_transform<c10::BFloat16, float, at::CUDAGeneratorImpl*, at::native::templates::cuda::uniform_kernel<at::CUDAGeneratorImpl*>(at::TensorIteratorBase&, double, double, at::CUDAGeneratorImpl*)::{lambda()#1}::operator()() const::{lambda()#4}::operator()() const::{lambda(float)#1}>(at::TensorIteratorBase&, at::CUDAGeneratorImpl*, at::native::templates::cuda::uniform_kernel<at::CUDAGeneratorImpl*>(at::TensorIteratorBase&, double, double, at::CUDAGeneratorImpl*)::{lambda()#1}::operator()() const::{lambda()#4}::operator()() const::{lambda(float)#1})::{lambda(hiprandStatePhilox4_32_10*)#2}, at::native::templates::cuda::uniform_kernel<at::CUDAGeneratorImpl*>(at::TensorIteratorBase&, double, double, at::CUDAGeneratorImpl*)::{lambda()#1}::operator()() const::{lambda()#4}::operator()() const::{lambda(float)#1}>(at::TensorIteratorBase&, at::CUDAGeneratorImpl*, at::native::templates::cuda::uniform_and_transform<c10::BFloat16, float, at::CUDAGeneratorImpl*, at::native::templates::cuda::uniform_kernel<at::CUDAGeneratorImpl*>(at::TensorIteratorBase&, double, double, at::CUDAGeneratorImpl*)::{lambda()#1}::operator()() const::{lambda()#4}::operator()() const::{lambda(float)#1}>(at::TensorIteratorBase&, at::CUDAGeneratorImpl*, at::native::templates::cuda::uniform_kernel<at::CUDAGeneratorImpl*>(at::TensorIteratorBase&, double, double, at::CUDAGeneratorImpl*)::{lambda()#1}::operator()() const::{lambda()#4}::operator()() const::{lambda(float)#1})::{lambda(hiprandStatePhilox4_32_10*)#2} const&, at::native::templates::cuda::uniform_kernel<at::CUDAGeneratorImpl*>(at::TensorIteratorBase&, double, double, at::CUDAGeneratorImpl*)::{lambda()#1}::operator()() const::{lambda()#4}::operator()() const::{lambda(float)#1})::{lambda(int, float)#1})",2,2012407553768182,2012407553785342,0,0,32,0,48,256,1,1,524288,1,1
"KERNEL_DISPATCH","Agent 2",1,0,647714,3,10,"void at::native::(anonymous namespace)::distribution_elementwise_grid_stride_kernel<float, 4, at::native::templates::cuda::uniform_and_transform<c10::BFloat16, float, at::CUDAGeneratorImpl*, at::native::templates::cuda::uniform_kernel<at::CUDAGeneratorImpl*>(at::TensorIteratorBase&, double, double, at::CUDAGeneratorImpl*)::{lambda()#1}::operator()() const::{lambda()#4}::operator()() const::{lambda(float)#1}>(at::TensorIteratorBase&, at::CUDAGeneratorImpl*, at::native::templates::cuda::uniform_kernel<at::CUDAGeneratorImpl*>(at::TensorIteratorBase&, double, double, at::CUDAGeneratorImpl*)::{lambda()#1}::operator()() const::{lambda()#4}::operator()() const::{lambda(float)#1})::{lambda(hiprandStatePhilox4_32_10*)#2}, at::native::(anonymous namespace)::distribution_nullary_kernel<c10::BFloat16, float, HIP_vector_type<float, 4u>, at::CUDAGeneratorImpl*, at::native::templates::cuda::uniform_and_transform<c10::BFloat16, float, at::CUDAGeneratorImpl*, at::native::templates::cuda::uniform_kernel<at::CUDAGeneratorImpl*>(at::TensorIteratorBase&, double, double, at::CUDAGeneratorImpl*)::{lambda()#1}::operator()() const::{lambda()#4}::operator()() const::{lambda(float)#1}>(at::TensorIteratorBase&, at::CUDAGeneratorImpl*, at::native::templates::cuda::uniform_kernel<at::CUDAGeneratorImpl*>(at::TensorIteratorBase&, double, double, at::CUDAGeneratorImpl*)::{lambda()#1}::operator()() const::{lambda()#4}::operator()() const::{lambda(float)#1})::{lambda(hiprandStatePhilox4_32_10*)#2}, at::native::templates::cuda::uniform_kernel<at::CUDAGeneratorImpl*>(at::TensorIteratorBase&, double, double, at::CUDAGeneratorImpl*)::{lambda()#1}::operator()() const::{lambda()#4}::operator()() const::{lambda(float)#1}>(at::TensorIteratorBase&, at::CUDAGeneratorImpl*, at::native::templates::cuda::uniform_and_transform<c10::BFloat16, float, at::CUDAGeneratorImpl*, at::native::templates::cuda::uniform_kernel<at::CUDAGeneratorImpl*>(at::TensorIteratorBase&, double, double, at::CUDAGeneratorImpl*)::{lambda()#1}::operator()() const::{lambda()#4}::operator()() const::{lambda(float)#1}>(at::TensorIteratorBase&, at::CUDAGeneratorImpl*, at::native::templates::cuda::uniform_kernel<at::CUDAGeneratorImpl*>(at::TensorIteratorBase&, double, double, at::CUDAGeneratorImpl*)::{lambda()#1}::operator()() const::{lambda()#4}::operator()() const::{lambda(float)#1})::{lambda(hiprandStatePhilox4_32_10*)#2} const&, at::native::templates::cuda::uniform_kernel<at::CUDAGeneratorImpl*>(at::TensorIteratorBase&, double, double, at::CUDAGeneratorImpl*)::{lambda()#1}::operator()() const::{lambda()#4}::operator()() const::{lambda(float)#1})::{lambda(int, float)#1}>(long, at::PhiloxCudaState, at::native::templates::cuda::uniform_and_transform<c10::BFloat16, float, at::CUDAGeneratorImpl*, at::native::templates::cuda::uniform_kernel<at::CUDAGeneratorImpl*>(at::TensorIteratorBase&, double, double, at::CUDAGeneratorImpl*)::{lambda()#1}::operator()() const::{lambda()#4}::operator()() const::{lambda(float)#1}>(at::TensorIteratorBase&, at::CUDAGeneratorImpl*, at::native::templates::cuda::uniform_kernel<at::CUDAGeneratorImpl*>(at::TensorIteratorBase&, double, double, at::CUDAGeneratorImpl*)::{lambda()#1}::operator()() const::{lambda()#4}::operator()() const::{lambda(float)#1})::{lambda(hiprandStatePhilox4_32_10*)#2}, at::native::(anonymous namespace)::distribution_nullary_kernel<c10::BFloat16, float, HIP_vector_type<float, 4u>, at::CUDAGeneratorImpl*, at::native::templates::cuda::uniform_and_transform<c10::BFloat16, float, at::CUDAGeneratorImpl*, at::native::templates::cuda::uniform_kernel<at::CUDAGeneratorImpl*>(at::TensorIteratorBase&, double, double, at::CUDAGeneratorImpl*)::{lambda()#1}::operator()() const::{lambda()#4}::operator()() const::{lambda(float)#1}>(at::TensorIteratorBase&, at::CUDAGeneratorImpl*, at::native::templates::cuda::uniform_kernel<at::CUDAGeneratorImpl*>(at::TensorIteratorBase&, double, double, at::CUDAGeneratorImpl*)::{lambda()#1}::operator()() const::{lambda()#4}::operator()() const::{lambda(float)#1})::{lambda(hiprandStatePhilox4_32_10*)#2}, at::native::templates::cuda::uniform_kernel<at::CUDAGeneratorImpl*>(at::TensorIteratorBase&, double, double, at::CUDAGeneratorImpl*)::{lambda()#1}::operator()() const::{lambda()#4}::operator()() const::{lambda(float)#1}>(at::TensorIteratorBase&, at::CUDAGeneratorImpl*, at::native::templates::cuda::uniform_and_transform<c10::BFloat16, float, at::CUDAGeneratorImpl*, at::native::templates::cuda::uniform_kernel<at::CUDAGeneratorImpl*>(at::TensorIteratorBase&, double, double, at::CUDAGeneratorImpl*)::{lambda()#1}::operator()() const::{lambda()#4}::operator()() const::{lambda(float)#1}>(at::TensorIteratorBase&, at::CUDAGeneratorImpl*, at::native::templates::cuda::uniform_kernel<at::CUDAGeneratorImpl*>(at::TensorIteratorBase&, double, double, at::CUDAGeneratorImpl*)::{lambda()#1}::operator()() const::{lambda()#4}::operator()() const::{lambda(float)#1})::{lambda(hiprandStatePhilox4_32_10*)#2} const&, at::native::templates::cuda::uniform_kernel<at::CUDAGeneratorImpl*>(at::TensorIteratorBase&, double, double, at::CUDAGeneratorImpl*)::{lambda()#1}::operator()() const::{lambda()#4}::operator()() const::{lambda(float)#1})::{lambda(int, float)#1})",3,2012407553794309,2012407553810629,0,0,32,0,48,256,1,1,524288,1,1
"KERNEL_DISPATCH","Agent 2",1,0,647714,4,179,"void at::native::vectorized_elementwise_kernel<8, at::native::FillFunctor<c10::BFloat16>, std::array<char*, 1ul> >(int, at::native::FillFunctor<c10::BFloat16>, std::array<char*, 1ul>)",4,2012407562035719,2012407562042679,0,0,4,0,16,256,1,1,1048576,1,1
"KERNEL_DISPATCH","Agent 2",1,0,647714,5,195,"flash_attn_func_kernel_0",5,2012407756974762,2012407757068882,49152,0,124,0,112,256,1,1,131072,1,1
"KERNEL_DISPATCH","Agent 2",1,0,647714,6,430,"void at::native::vectorized_elementwise_kernel<4, at::native::bfloat16tofloat32_copy_kernel_cuda(at::TensorIteratorBase&)::{lambda(c10::BFloat16)#1}, std::array<char*, 2ul> >(int, at::native::bfloat16tofloat32_copy_kernel_cuda(at::TensorIteratorBase&)::{lambda(c10::BFloat16)#1}, std::array<char*, 2ul>)",6,2012407779080079,2012407779091319,0,0,8,0,32,256,1,1,1048576,1,1
"KERNEL_DISPATCH","Agent 2",1,0,647714,7,430,"void at::native::vectorized_elementwise_kernel<4, at::native::bfloat16tofloat32_copy_kernel_cuda(at::TensorIteratorBase&)::{lambda(c10::BFloat16)#1}, std::array<char*, 2ul> >(int, at::native::bfloat16tofloat32_copy_kernel_cuda(at::TensorIteratorBase&)::{lambda(c10::BFloat16)#1}, std::array<char*, 2ul>)",7,2012407779243721,2012407779254001,0,0,8,0,32,256,1,1,1048576,1,1
"KERNEL_DISPATCH","Agent 2",1,0,647714,8,430,"void at::native::vectorized_elementwise_kernel<4, at::native::bfloat16tofloat32_copy_kernel_cuda(at::TensorIteratorBase&)::{lambda(c10::BFloat16)#1}, std::array<char*, 2ul> >(int, at::native::bfloat16tofloat32_copy_kernel_cuda(at::TensorIteratorBase&)::{lambda(c10::BFloat16)#1}, std::array<char*, 2ul>)",8,2012407779265521,2012407779275641,0,0,8,0,32,256,1,1,1048576,1,1
"KERNEL_DISPATCH","Agent 2",1,0,647714,9,111,"void at::native::vectorized_elementwise_kernel<4, at::native::FillFunctor<int>, std::array<char*, 1ul> >(int, at::native::FillFunctor<int>, std::array<char*, 1ul>)",9,2012407779660603,2012407779663003,0,0,4,0,16,256,1,1,256,1,1
"KERNEL_DISPATCH","Agent 2",1,0,647714,10,548,"attn_fwd",10,2012407782194180,2012407782964266,0,720,256,0,112,128,1,1,65536,1,1
"KERNEL_DISPATCH","Agent 2",1,0,647714,11,375,"void at::native::vectorized_elementwise_kernel<4, at::native::bfloat16_copy_kernel_cuda(at::TensorIteratorBase&)::{lambda(float)#1}, std::array<char*, 2ul> >(int, at::native::bfloat16_copy_kernel_cuda(at::TensorIteratorBase&)::{lambda(float)#1}, std::array<char*, 2ul>)",11,2012407782964266,2012407782973506,0,0,8,0,32,256,1,1,1048576,1,1
"KERNEL_DISPATCH","Agent 2",1,0,647714,12,430,"void at::native::vectorized_elementwise_kernel<4, at::native::bfloat16tofloat32_copy_kernel_cuda(at::TensorIteratorBase&)::{lambda(c10::BFloat16)#1}, std::array<char*, 2ul> >(int, at::native::bfloat16tofloat32_copy_kernel_cuda(at::TensorIteratorBase&)::{lambda(c10::BFloat16)#1}, std::array<char*, 2ul>)",12,2012407782973506,2012407782983986,0,0,8,0,32,256,1,1,1048576,1,1
"KERNEL_DISPATCH","Agent 2",1,0,647714,13,430,"void at::native::vectorized_elementwise_kernel<4, at::native::bfloat16tofloat32_copy_kernel_cuda(at::TensorIteratorBase&)::{lambda(c10::BFloat16)#1}, std::array<char*, 2ul> >(int, at::native::bfloat16tofloat32_copy_kernel_cuda(at::TensorIteratorBase&)::{lambda(c10::BFloat16)#1}, std::array<char*, 2ul>)",13,2012407782983986,2012407782993026,0,0,8,0,32,256,1,1,1048576,1,1
"KERNEL_DISPATCH","Agent 2",1,0,647714,14,663,"void at::native::vectorized_elementwise_kernel<4, at::native::CUDAFunctor_add<float>, std::array<char*, 3ul> >(int, at::native::CUDAFunctor_add<float>, std::array<char*, 3ul>)",14,2012407801000447,2012407801019047,0,0,8,0,32,256,1,1,2097152,1,1
"KERNEL_DISPATCH","Agent 2",1,0,647714,15,929,"void at::native::vectorized_elementwise_kernel<4, at::native::AbsFunctor<float>, std::array<char*, 2ul> >(int, at::native::AbsFunctor<float>, std::array<char*, 2ul>)",15,2012407805428327,2012407805441407,0,0,8,0,32,256,1,1,2097152,1,1
"KERNEL_DISPATCH","Agent 2",1,0,647714,16,26,"__amd_rocclr_fillBufferAligned",16,2012407805568127,2012407805569967,0,0,8,0,48,256,1,1,256,1,1
"KERNEL_DISPATCH","Agent 2",1,0,647714,17,970,"void at::native::reduce_kernel<512, 1, at::native::ReduceOp<float, at::native::func_wrapper_t<float, at::native::MaxNanFunctor<float> >, unsigned int, float, 4, 4> >(at::native::ReduceOp<float, at::native::func_wrapper_t<float, at::native::MaxNanFunctor<float> >, unsigned int, float, 4, 4>)",17,2012407810150268,2012407810168428,512,0,16,0,80,512,1,1,512,256,1
"KERNEL_DISPATCH","Agent 2",1,0,647714,18,24,"__amd_rocclr_copyBuffer",18,2012407810320429,2012407810324829,0,0,8,0,32,512,1,1,512,1,1
"KERNEL_DISPATCH","Agent 2",1,0,647714,19,663,"void at::native::vectorized_elementwise_kernel<4, at::native::CUDAFunctor_add<float>, std::array<char*, 3ul> >(int, at::native::CUDAFunctor_add<float>, std::array<char*, 3ul>)",19,2012407810378230,2012407810394990,0,0,8,0,32,256,1,1,2097152,1,1
"KERNEL_DISPATCH","Agent 2",1,0,647714,20,929,"void at::native::vectorized_elementwise_kernel<4, at::native::AbsFunctor<float>, std::array<char*, 2ul> >(int, at::native::AbsFunctor<float>, std::array<char*, 2ul>)",20,2012407810403110,2012407810414670,0,0,8,0,32,256,1,1,2097152,1,1
"KERNEL_DISPATCH","Agent 2",1,0,647714,21,26,"__amd_rocclr_fillBufferAligned",21,2012407810491671,2012407810493551,0,0,8,0,48,256,1,1,256,1,1
"KERNEL_DISPATCH","Agent 2",1,0,647714,22,1072,"void at::native::reduce_kernel<512, 1, at::native::ReduceOp<float, at::native::MeanOps<float, float, float, float>, unsigned int, float, 4, 4> >(at::native::ReduceOp<float, at::native::MeanOps<float, float, float, float>, unsigned int, float, 4, 4>)",22,2012407814441797,2012407814458637,512,0,16,0,80,512,1,1,512,256,1
"KERNEL_DISPATCH","Agent 2",1,0,647714,23,24,"__amd_rocclr_copyBuffer",23,2012407814470037,2012407814474797,0,0,8,0,32,512,1,1,512,1,1
"KERNEL_DISPATCH","Agent 2",1,0,647714,24,1142,"void at::native::reduce_kernel<512, 1, at::native::ReduceOp<float, at::native::NormTwoOps<float, float, float>, unsigned int, float, 4, 4> >(at::native::ReduceOp<float, at::native::NormTwoOps<float, float, float>, unsigned int, float, 4, 4>)",24,2012407829131300,2012407829147540,512,0,16,0,80,32,16,1,131072,16,1
"KERNEL_DISPATCH","Agent 2",1,0,647714,25,24,"__amd_rocclr_copyBuffer",25,2012407829255740,2012407829259420,0,0,8,0,32,512,1,1,16384,1,1
"KERNEL_DISPATCH","Agent 2",1,0,647714,26,1142,"void at::native::reduce_kernel<512, 1, at::native::ReduceOp<float, at::native::NormTwoOps<float, float, float>, unsigned int, float, 4, 4> >(at::native::ReduceOp<float, at::native::NormTwoOps<float, float, float>, unsigned int, float, 4, 4>)",26,2012407829304341,2012407829319261,512,0,16,0,80,32,16,1,131072,16,1
"KERNEL_DISPATCH","Agent 2",1,0,647714,27,24,"__amd_rocclr_copyBuffer",27,2012407829319261,2012407829323461,0,0,8,0,32,512,1,1,16384,1,1
"KERNEL_DISPATCH","Agent 2",1,0,647714,28,1324,"void at::native::vectorized_elementwise_kernel<4, at::native::(anonymous namespace)::launch_clamp_scalar(at::TensorIteratorBase&, c10::Scalar, c10::Scalar, at::native::detail::ClampLimits)::{lambda()#1}::operator()() const::{lambda()#7}::operator()() const::{lambda(float)#1}, std::array<char*, 2ul> >(int, at::native::(anonymous namespace)::launch_clamp_scalar(at::TensorIteratorBase&, c10::Scalar, c10::Scalar, at::native::detail::ClampLimits)::{lambda()#1}::operator()() const::{lambda()#7}::operator()() const::{lambda(float)#1}, std::array<char*, 2ul>)",28,2012407856540614,2012407856545094,0,0,8,0,32,256,1,1,16384,1,1
"KERNEL_DISPATCH","Agent 2",1,0,647714,29,1324,"void at::native::vectorized_elementwise_kernel<4, at::native::(anonymous namespace)::launch_clamp_scalar(at::TensorIteratorBase&, c10::Scalar, c10::Scalar, at::native::detail::ClampLimits)::{lambda()#1}::operator()() const::{lambda()#7}::operator()() const::{lambda(float)#1}, std::array<char*, 2ul> >(int, at::native::(anonymous namespace)::launch_clamp_scalar(at::TensorIteratorBase&, c10::Scalar, c10::Scalar, at::native::detail::ClampLimits)::{lambda()#1}::operator()() const::{lambda()#7}::operator()() const::{lambda(float)#1}, std::array<char*, 2ul>)",29,2012407856671895,2012407856675895,0,0,8,0,32,256,1,1,16384,1,1
"KERNEL_DISPATCH","Agent 2",1,0,647714,30,1730,"void at::native::elementwise_kernel_manual_unroll<128, 4, at::native::gpu_kernel_impl_nocast<at::native::BinaryFunctor<float, float, float, at::native::binary_internal::DivFunctor<float> > >(at::TensorIteratorBase&, at::native::BinaryFunctor<float, float, float, at::native::binary_internal::DivFunctor<float> > const&)::{lambda(int, bool)#1}>(int, at::native::gpu_kernel_impl_nocast<at::native::BinaryFunctor<float, float, float, at::native::binary_internal::DivFunctor<float> > >(at::TensorIteratorBase&, at::native::BinaryFunctor<float, float, float, at::native::binary_internal::DivFunctor<float> > const&)::{lambda(int, bool)#1})",30,2012407869794473,2012407869810393,0,0,16,0,80,128,1,1,2097152,1,1
"KERNEL_DISPATCH","Agent 2",1,0,647714,31,1730,"void at::native::elementwise_kernel_manual_unroll<128, 4, at::native::gpu_kernel_impl_nocast<at::native::BinaryFunctor<float, float, float, at::native::binary_internal::DivFunctor<float> > >(at::TensorIteratorBase&, at::native::BinaryFunctor<float, float, float, at::native::binary_internal::DivFunctor<float> > const&)::{lambda(int, bool)#1}>(int, at::native::gpu_kernel_impl_nocast<at::native::BinaryFunctor<float, float, float, at::native::binary_internal::DivFunctor<float> > >(at::TensorIteratorBase&, at::native::BinaryFunctor<float, float, float, at::native::binary_internal::DivFunctor<float> > const&)::{lambda(int, bool)#1})",31,2012407869890914,2012407869904994,0,0,16,0,80,128,1,1,2097152,1,1
"KERNEL_DISPATCH","Agent 2",1,0,647714,32,1992,"void at::native::vectorized_elementwise_kernel<4, at::native::BinaryFunctor<float, float, float, at::native::binary_internal::MulFunctor<float> >, std::array<char*, 3ul> >(int, at::native::BinaryFunctor<float, float, float, at::native::binary_internal::MulFunctor<float> >, std::array<char*, 3ul>)",32,2012407882259557,2012407882277277,0,0,8,0,32,256,1,1,2097152,1,1
"KERNEL_DISPATCH","Agent 2",1,0,647714,33,2080,"void at::native::reduce_kernel<512, 1, at::native::ReduceOp<float, at::native::func_wrapper_t<float, at::native::sum_functor<float, float, float>::operator()(at::TensorIterator&)::{lambda(float, float)#2}>, unsigned int, float, 4, 4> >(at::native::ReduceOp<float, at::native::func_wrapper_t<float, at::native::sum_functor<float, float, float>::operator()(at::TensorIterator&)::{lambda(float, float)#2}>, unsigned int, float, 4, 4>)",33,2012407891229497,2012407891245378,512,0,16,0,80,32,16,1,131072,16,1
"KERNEL_DISPATCH","Agent 2",1,0,647714,34,2164,"void at::native::reduce_kernel<512, 1, at::native::ReduceOp<float, at::native::func_wrapper_t<float, at::native::MinNanFunctor<float> >, unsigned int, float, 4, 4> >(at::native::ReduceOp<float, at::native::func_wrapper_t<float, at::native::MinNanFunctor<float> >, unsigned int, float, 4, 4>)",34,2012407896327099,2012407896343539,512,0,16,0,80,512,1,1,512,1,1
"KERNEL_DISPATCH","Agent 2",1,0,647714,35,24,"__amd_rocclr_copyBuffer",35,2012407896396179,2012407896399699,0,0,8,0,32,512,1,1,512,1,1
"KERNEL_DISPATCH","Agent 2",1,0,647714,36,430,"void at::native::vectorized_elementwise_kernel<4, at::native::bfloat16tofloat32_copy_kernel_cuda(at::TensorIteratorBase&)::{lambda(c10::BFloat16)#1}, std::array<char*, 2ul> >(int, at::native::bfloat16tofloat32_copy_kernel_cuda(at::TensorIteratorBase&)::{lambda(c10::BFloat16)#1}, std::array<char*, 2ul>)",36,2012408006711734,2012408006726654,0,0,8,0,32,256,1,1,1048576,1,1
"KERNEL_DISPATCH","Agent 2",1,0,647714,37,430,"void at::native::vectorized_elementwise_kernel<4, at::native::bfloat16tofloat32_copy_kernel_cuda(at::TensorIteratorBase&)::{lambda(c10::BFloat16)#1}, std::array<char*, 2ul> >(int, at::native::bfloat16tofloat32_copy_kernel_cuda(at::TensorIteratorBase&)::{lambda(c10::BFloat16)#1}, std::array<char*, 2ul>)",37,2012408030155133,2012408030169493,0,0,8,0,32,256,1,1,1048576,1,1
"KERNEL_DISPATCH","Agent 2",1,0,647714,38,195,"flash_attn_func_kernel_0",38,2012408246715204,2012408246819324,49152,0,124,0,112,256,1,1,131072,1,1
"KERNEL_DISPATCH","Agent 2",1,0,647714,39,195,"flash_attn_func_kernel_0",39,2012408246966604,2012408247060205,49152,0,124,0,112,256,1,1,131072,1,1
"KERNEL_DISPATCH","Agent 2",1,0,647714,40,195,"flash_attn_func_kernel_0",40,2012408247060205,2012408247151846,49152,0,124,0,112,256,1,1,131072,1,1
"KERNEL_DISPATCH","Agent 2",1,0,647714,41,195,"flash_attn_func_kernel_0",41,2012408634174675,2012408634267195,49152,0,124,0,112,256,1,1,131072,1,1
"KERNEL_DISPATCH","Agent 2",1,0,647714,42,195,"flash_attn_func_kernel_0",42,2012408634271715,2012408634363275,49152,0,124,0,112,256,1,1,131072,1,1
"KERNEL_DISPATCH","Agent 2",1,0,647714,43,195,"flash_attn_func_kernel_0",43,2012408634368075,2012408634460276,49152,0,124,0,112,256,1,1,131072,1,1
"KERNEL_DISPATCH","Agent 2",1,0,647714,44,195,"flash_attn_func_kernel_0",44,2012408634464916,2012408634557077,49152,0,124,0,112,256,1,1,131072,1,1
"KERNEL_DISPATCH","Agent 2",1,0,647714,45,195,"flash_attn_func_kernel_0",45,2012408634561677,2012408634653517,49152,0,124,0,112,256,1,1,131072,1,1
